ID,Shot,MJD,Texp,RAcen,DEcen,RAsta,DEsta,RAend,DEend,Length,PA,Area,Nifu,gmag,gSB,SNR,NORAD,Name,COSPAR,Type,Owner,Launch,Constel,Class,Resid,dPA,Uniq,MJDx,TLEage,Range,Height,Rate,Incl,Perigee,Apogee,Period,ginst,FWHM,Dither,MJDopen,MJDclos,IDsrc
0,20170322010,57834.27153587963,367.3497314453125,150.1154022216797,2.483560800552368,150.0980987548828,2.4882378578186035,150.13951110839844,2.477038860321045,154.29942321777344,105.146484375,991.75,2,13.518754959106445,21.0097599029541,57.252662658691406,,,,,,,,,,,,,,,,,,,,,,1.2910000085830688,1,57834.27153587963,57834.275788764455,
1,20171026014,58052.29149537037,366.8994445800781,20.602062225341797,0.0010922549990937114,20.574735641479492,-0.006662012077867985,20.62890625,0.008709865622222424,202.7088165283203,74.15735626220703,1172.75,2,17.414716720581055,25.087730407714844,4.752068042755127,,,,,,,,,,,,,,,,,,,,,,2.3722658157348633,1,58052.29149537037,58052.29574883871,
2,20171118003,58075.09209375,367.182373046875,7.094703197479248,0.04804031178355217,7.086389541625977,0.04758598282933235,7.1020636558532715,0.04844256117939949,56.511383056640625,86.87196350097656,534.5,1,18.36463737487793,25.184505462646484,3.862490653991699,33509,TITAN 3C TRANSTAGE DEB,1968-081K,DEBRIS,US,1968-09-26,Other,GEO,3.5150384523319644,0.5302289269081086,1,58075.095883331065,2.5325169597635977,36099.76307256804,35073.07580886977,15.595295953103589,5.5908,35063.401804189685,35512.70498009753,1410.7023501997462,13.113313229676658,1.4091846942901611,1,58075.09209375,58075.096346054495,spacetrack
3,20171221003,58108.128702546295,426.4156799316406,19.245155334472656,-0.04213857650756836,19.240583419799805,-0.03485726937651634,19.249921798706055,-0.049729395657777786,63.21871566772461,147.8756103515625,662.75,1,16.592329025268555,23.64570426940918,13.400598526000977,39362,BREEZE-M DEB (TANK),2013-058C,DEBRIS,CIS,2013-10-25,Other,HEO,143.61733842097806,0.07421706689109442,1,58108.13151889961,-10.25128040893469,7064.00704206589,6502.828146459354,148.3511762278023,49.5175,308.1223287932289,14899.849987110787,274.23275184493747,9.128766514131687,3.0842151641845703,1,58108.128702546295,58108.13363540691,spacetrack
4,20180408006,58216.18636342593,367.5830078125,200.56573486328125,51.212581634521484,200.5066680908203,51.226844787597656,200.6460723876953,51.193180084228516,336.95355224609375,111.08067321777344,1681.25,3,15.422791481018066,23.48687171936035,22.703195571899414,39524,BREEZE-M DEB (TANK),2014-007C,DEBRIS,CIS,2014-02-14,Other,HEO,32.12102975277844,1.3532418549347227,1,58216.197642124615,-3.6545343377511017,22741.08306976276,21856.85833705416,17.77804329579758,49.3725,255.95040646453162,21909.762322087037,382.7040660600796,11.273452958534438,2.438800096511841,1,58216.18636342593,58216.190615747386,spacetrack
5,20180411004,58219.13608217592,367.799072265625,185.0360870361328,51.0135383605957,185.03231811523438,51.004695892333984,185.03988647460938,51.02240753173828,66.02590942382812,15.047496795654297,489.75,1,17.997041702270508,24.72197723388672,5.53501558303833,14450,COSMOS 1506,1983-108A,PAYLOAD,CIS,1983-10-26,Cosmos,LEO,46.11045663422715,0.15782169210763186,1,58219.13933085003,10.971395902102813,1153.2480287154049,963.0588227389171,1241.1359400370197,82.9313,944.731248253609,1009.8355274883324,104.63351181683869,7.898720067338168,1.703434705734253,1,58219.13608217592,58219.140347788416,spacetrack
6,20180414011,58222.39322337963,368.1324768066406,204.10914611816406,51.09366989135742,204.0232391357422,51.048805236816406,204.23744201660156,51.16067123413086,629.8816528320312,50.25554275512695,1449.0,3,17.2349853515625,25.137657165527344,7.932297229766846,38774,BEIDOU 14,2012-050A,PAYLOAD,PRC,2012-09-18,GPS/GNSS,MEO,13.927890245207664,0.01191263504016149,1,58222.39504500248,2.2918886311235838,22444.368247148675,21589.035016190675,31.21945574751439,54.7657,21431.377228217243,21620.617472992577,773.147782876586,12.312883628990583,1.9110593795776367,1,58222.39322337963,58222.39748552004,spacetrack
7,20180515010,58253.27261458334,367.8153381347656,191.5584259033203,51.292030334472656,191.5171356201172,51.32122039794922,191.60035705566406,51.262393951416016,282.7533264160156,138.50169372558594,1090.25,2,17.397480010986328,24.991294860839844,7.792150497436523,40001,COSMOS 2500 (GLONASS),2014-032A,PAYLOAD,CIS,2014-06-14,Cosmos,MEO,17.98389677447858,0.22635819686567515,1,58253.28151747779,-1.971665199904237,20024.70491736212,19126.608724632588,39.557057971145376,65.39760000000001,19117.75936285279,19141.879684650456,675.729969969997,11.909525922877146,1.7310575246810913,1,58253.27261458334,58253.27687094872,spacetrack
8,20180517021,58255.39819212963,367.6156005859375,235.32589721679688,51.08430480957031,235.26661682128906,51.133148193359375,235.3765869140625,51.04254913330078,410.1379089355469,142.6772003173828,1301.25,3,16.3815975189209,24.167499542236328,15.595314979553223,10961,COSMOS 1023,1978-063A,PAYLOAD,CIS,1978-06-21,Cosmos,LEO,25.0128853370029,0.2118668061207245,1,58255.40114087992,0.601935351092834,939.2786448310793,778.1565970432848,1438.3258074152886,74.0756,757.6698503930584,782.7634239802383,100.2463553486538,7.184146825859115,1.440784215927124,1,58255.39819212963,58255.40244730116,spacetrack
9,20180612018,58281.25248148148,367.4659118652344,212.10963439941406,51.33517074584961,212.1042022705078,51.45370864868164,212.11476135253906,51.22349166870117,829.1232299804688,178.35879516601562,1568.5,4,17.011154174804688,24.99986457824707,9.112275123596191,11051,SL-8 R/B,1978-091J,ROCKET BODY,CIS,1978-10-04,Other,LEO,6.091452691021004,0.03908125768953141,1,58281.25404259082,-8.298991884570569,1898.0076645665933,1648.1001596245305,731.50841887687,74.0421,1481.7719874738923,1698.987322152374,117.98472745056839,8.750607793468047,1.6286544799804688,0,nan,nan,spacetrack
10,20180613021,58282.2883900463,367.798583984375,226.03457641601562,51.445640563964844,225.99742126464844,51.44157409667969,226.08004760742188,51.45062255859375,188.25755310058594,80.03569030761719,1055.0,2,17.1163387298584,24.674468994140625,8.673943519592285,32261,DELTA 2 R/B(2) (PAM-D),2007-047B,ROCKET BODY,US,2007-10-17,Other,MEO,127.27127358080566,0.022478789970563184,1,58282.29202031223,-3.5310296089737676,2406.4896061135382,2099.1039819723146,455.83407059563376,39.7,191.82238893319845,4142.043154495532,131.01861294088312,8.938743555128598,1.9972349405288696,1,58282.2883900463,58282.292649876705,spacetrack
11,20180805009,58335.144534722225,367.9481506347656,265.7319641113281,66.02758026123047,265.4670104980469,65.99874114990234,265.98785400390625,66.05542755126953,788.6751708984375,75.00498962402344,2539.5,5,13.826506614685059,22.338376998901367,58.23493194580078,25847,MOLNIYA 3-50,1999-036A,PAYLOAD,CIS,1999-07-08,Other,HEO,28.474793630630302,0.04322445564598354,1,58335.146350559065,4.473181493289303,39468.47720666336,38428.790614773905,6.28468578040736,62.091100000000004,1115.990107965993,39243.998397942625,717.8867710697374,11.253958868418685,1.547593593597412,1,58335.144534722225,58335.14879107419,spacetrack
12,20180820022,58350.414842592596,547.7986450195312,33.29850769042969,-0.15854889154434204,33.203529357910156,-0.17003856599330902,33.39349365234375,-0.14705890417099,688.8574829101562,83.10254669189453,1211.0,2,16.32775115966797,24.035612106323242,10.828577995300293,,,,,,,,,,,,,,,,,,,,,,1.2021461725234985,1,58350.414842592596,58350.42118864738,
13,20180914016,58375.440398148145,366.9659729003906,32.16366195678711,0.38283976912498474,32.15089797973633,0.3469921946525574,32.1749267578125,0.4144802689552307,257.8943176269531,19.59614372253418,1697.5,3,15.990546226501465,24.06507110595703,19.711563110351562,29668,MERIDIAN 1,2006-061A,PAYLOAD,CIS,2006-12-24,Other,HEO,75.1446077940102,0.26981743358789245,1,58375.44369635365,-23.685284924518783,19282.30725986288,18448.182200933396,32.708938007377604,64.2038,555.8019012652449,39799.01777269483,717.7819854755919,11.18969520760485,1.4554356336593628,1,58375.440398148145,58375.44464526077,spacetrack
14,20180915023,58376.45631944444,427.5662536621094,36.52210235595703,0.2615971565246582,36.42995071411133,0.3067000210285187,36.61825180053711,0.21453700959682465,754.714111328125,116.07958221435547,4332.25,8,14.205050468444824,23.296833038330078,48.55382537841797,,,,,,,,,,,,,,,,,,,,,,1.2000000476837158,1,58376.45631944444,58376.461276066744,
15,20180915023,58376.45631944444,427.5662536621094,36.5079460144043,0.32086417078971863,36.50556564331055,0.37618619203567505,36.5106086730957,0.25893333554267883,422.5006103515625,177.5369873046875,1307.5,2,15.104181289672852,22.895286560058594,47.529056549072266,11309,SL-8 R/B,1979-026B,ROCKET BODY,CIS,1979-03-21,Other,LEO,12.7872347983498,0.014417947413164711,1,58376.45888162972,0.06638818653300405,1167.3270442131338,982.9297562889369,1160.485863731081,82.9696,961.008214375951,987.2263460071144,104.56596053104084,6.144976530141619,1.2000000476837158,1,58376.45631944444,58376.461276066744,spacetrack
16,20181107008,58429.12758680555,368.1323547363281,8.697456359863281,-0.15569448471069336,8.611406326293945,-0.11065146327018738,8.783522605895996,-0.20074580609798431,699.3713989257812,117.62992095947266,2501.5,4,17.394914627075195,25.89041519165039,3.9652512073516846,14136,PALAPA B1 R/B(PAM-D),1983-059E,ROCKET BODY,US,1983-06-18,Other,HEO,35.6523462864061,0.15154074393389294,1,58429.12756338106,2.7608523733215407,28094.379227926132,27063.331854779124,11.307034082459111,25.4206,343.936647121659,31651.056984220668,555.1657829121359,14.168334774955788,1.7688871622085571,1,58429.12758680555,58429.13183795505,spacetrack
17,20181119016,58441.48369907407,367.9993591308594,150.27154541015625,2.259432792663574,150.22213745117188,2.2105178833007812,150.33395385742188,2.321218252182007,566.2398681640625,45.26713180541992,2080.25,4,16.102846145629883,24.398134231567383,9.737411499023438,25963,GLOBALSTAR M029,1999-062C,PAYLOAD,GLOB,1999-11-22,Globalstar,LEO,3.561690101480508,0.17628071732553252,0,58441.485792265055,-8.75647310219938,1950.9467877599825,1677.0125775177503,713.253603591226,51.9788,1678.6842919323535,1684.516316398448,120.01648376397631,8.176315668965572,1.2000000476837158,1,58441.48369907407,58441.48796064122,spacetrack
18,20181119016,58441.48369907407,367.9993591308594,150.2738800048828,2.2538082599639893,150.2454376220703,2.225658655166626,150.33694458007812,2.316250801086426,463.3863830566406,45.267242431640625,1579.0,4,15.052051544189453,23.04800796508789,29.298940658569336,25963,GLOBALSTAR M029,1999-062C,PAYLOAD,GLOB,1999-11-22,Globalstar,LEO,16.854697227324777,0.17665336152947475,0,58441.485792265055,-8.75647310219938,1950.9467877599825,1677.0125775177503,713.253603591226,51.9788,1678.6842919323535,1684.516316398448,120.01648376397631,6.826187565840726,1.2000000476837158,1,58441.48369907407,58441.48796064122,spacetrack
19,20181130014,58452.11558449074,367.39990234375,26.832988739013672,-0.17221137881278992,26.685182571411133,-0.2180810421705246,26.913724899291992,-0.1471565067768097,861.4606323242188,72.75909423828125,2332.25,4,17.350446701049805,25.76988410949707,4.632152557373047,,,,,,,,,,,,,,,,,,,,,,1.458311676979065,1,58452.11558449074,58452.119843170025,
20,20181130017,58452.16195486111,487.2322692871094,10.093618392944336,0.13821280002593994,9.981891632080078,0.10413461923599243,10.187145233154297,0.1667400300502777,772.5180053710938,73.0374526977539,3455.5,5,15.746565818786621,24.59284210205078,18.373512268066406,19777,SL-12 R/B(2),1988-095F,ROCKET BODY,CIS,1988-10-20,Other,GEO,1.8974142989463871,0.054574381308896136,1,58452.16635585942,-11.59494909318164,37412.876705178576,36507.117984041724,14.71950104595417,15.4495,36397.90990264302,36509.632646970225,1470.316515036192,12.584400973109581,1.4012103080749512,1,58452.16195486111,58452.16759317194,spacetrack
21,20181202019,58454.16535069444,367.8338317871094,11.92862606048584,-0.22625979781150818,11.885855674743652,-0.23761948943138123,11.978877067565918,-0.21291349828243256,346.4850158691406,75.1258544921875,1933.5,3,17.088672637939453,25.304533004760742,5.530145645141602,15384,LEASAT 1,1984-113C,PAYLOAD,US,1984-11-08,Other,GEO,1.950802530944884,0.1422840880274805,1,58454.169061469984,12.339980746619403,37324.64832608865,36377.51702520936,14.766149144686349,13.7785,36143.49384237928,36413.25360354329,1461.2943020542814,13.292655585233899,2.235182285308838,1,58454.16535069444,58454.16960996819,spacetrack
22,20181203015,58455.12059143519,367.4829406738281,32.13572311401367,0.4424157440662384,32.12892150878906,0.43995344638824463,32.14275360107422,0.4449622631072998,52.953609466552734,70.09153747558594,576.75,1,18.123239517211914,25.02570915222168,4.629354476928711,23108,GORIZONT 30,1994-030A,PAYLOAD,CIS,1994-05-20,Other,GEO,0.48537356984184044,3.9355674929486497,1,58455.12262762464,-8.261781715555117,36800.469319503754,35765.31329784132,15.19749029986206,14.8281,35731.30875754048,35780.58035017076,1434.5311941099426,12.982569471011448,1.9578051567077637,1,58455.12059143519,58455.12484894181,spacetrack
23,20181205019,58457.23719675926,427.5483093261719,35.746578216552734,0.16154608130455017,35.73499298095703,0.1297776848077774,35.75932312011719,0.19648289680480957,255.61167907714844,20.037765502929688,1709.25,3,16.624094009399414,24.70610809326172,7.889547348022461,23516,SL-12 R/B(2),1995-009F,ROCKET BODY,CIS,1995-03-07,Other,MEO,18.50570621480756,0.06911310602761844,1,58457.24025775445,-3.795709937636275,20084.73327131903,19141.6203517088,38.64972094914836,64.6628,19059.821165352565,19167.13575970712,675.0807386015231,11.649532707139809,1.7421709299087524,1,58457.23719675926,58457.24214987628,spacetrack
24,20181205019,58457.23719675926,427.5483093261719,35.81355667114258,0.1855267882347107,35.716522216796875,0.17642131447792053,35.93279266357422,0.1967160403728485,781.9971923828125,84.63910675048828,1721.0,3,14.818930625915527,22.908382415771484,37.88752746582031,31308,ARIANE 5 R/B,2007-016C,ROCKET BODY,FR,2007-05-04,Other,HEO,11.498085346994458,0.0072343946521300495,1,58457.24063966356,-7.145241377642378,28324.595492154836,27313.55890320615,12.415783106707575,5.7566,235.52030031705,32455.43570639628,568.166739703712,11.084738141644873,1.7421709299087524,1,58457.23719675926,58457.24214987628,spacetrack
25,20181205026,58457.41938773148,367.6494140625,161.46734619140625,51.535118103027344,161.41627502441406,51.5760383605957,161.51840209960938,51.49421691894531,372.9305725097656,142.17123413085938,1033.25,2,17.309560775756836,24.845073699951172,5.160414218902588,12156,MOLNIYA 1-49,1981-009A,PAYLOAD,CIS,1981-01-30,Other,HEO,78.48361287161083,0.00640502928192177,1,58457.41966460998,9.790322435670532,14784.523338149484,13895.944691964924,45.89780385807802,63.34040000000001,839.0821115150093,38636.613305950064,700.0342496617995,11.601885179386917,1.5198042392730713,1,58457.41938773148,58457.42364176637,spacetrack
26,20181228011,58480.05811921296,367.5155334472656,34.040340423583984,0.6721483469009399,34.03528594970703,0.6004934310913086,34.0457763671875,0.7492368817329407,536.8064575195312,4.0342793464660645,1936.25,4,17.153371810913086,25.37077522277832,6.4093780517578125,19421,SCOUT G-1 R/B,1988-074C,ROCKET BODY,US,1988-08-25,Other,LEO,8.312823048106566,0.07070761775398449,1,58480.06200762471,10.205071990960278,1273.5597320618758,1075.1990672813727,1081.1563376138092,89.9882,1032.3719439749475,1173.8210844605655,107.32956570681802,8.69734477468553,1.519344687461853,1,58480.05811921296,58480.06237209779,spacetrack
27,20181228011,58480.05811921296,367.5155334472656,34.07253646850586,0.6961227059364319,34.047203063964844,0.7495895028114319,34.10094451904297,0.6361604928970337,451.84674072265625,154.65187072753906,2773.25,5,16.756303787231445,25.3637752532959,8.969913482666016,26390,SIRIUS 1,2000-035A,PAYLOAD,US,2000-06-30,Other,MEO,9.552774846764578,0.19479446210007723,1,58480.06154470994,-0.4162708088988438,25725.332664848724,24777.745429623654,27.051337574244172,59.4286,24772.07853798665,24780.92645503566,912.102788815717,12.694595114349102,1.519344687461853,1,58480.05811921296,58480.06237209779,spacetrack
28,20190105011,58488.079637731484,367.6996154785156,10.775382041931152,0.4538128972053528,10.737685203552246,0.4846266508102417,10.813920974731445,0.42231103777885437,354.46209716796875,129.26382446289062,2030.75,4,16.76629066467285,25.035430908203125,8.158987998962402,38888,BREEZE-M DEB,2012-044V,DEBRIS,CIS,2012-08-06,Other,MEO,144.34563302535253,0.10836518041995191,1,58488.082407944225,0.5891637956374325,2300.6306462972802,1986.8239624705393,561.104792237195,50.0251,255.30512396185713,3215.9685367121074,121.2254810152373,9.074112507637706,1.36110520362854,1,58488.079637731484,58488.083894093696,spacetrack
29,20190118014,58501.46743171296,426.9322204589844,223.53167724609375,51.4667854309082,223.38134765625,51.571353912353516,223.65496826171875,51.38103103637695,919.77587890625,138.15220642089844,2170.25,5,15.986802101135254,24.32807731628418,17.450389862060547,8418,SL-6 R/B(2),1975-081D,ROCKET BODY,CIS,1975-09-09,Other,HEO,22.781774311971503,0.09075462658216793,1,58501.468547115575,-3.5100918490206823,33683.187367534854,32592.015774561532,8.780874420332923,61.772299999999994,110.2757400157152,39973.55823972679,712.2955513289498,12.88052273099134,2.2191007137298584,1,58501.46743171296,58501.472368615396,spacetrack
30,20190124023,58507.09599074074,367.715087890625,36.5750846862793,-0.3471057713031769,36.559104919433594,-0.25769707560539246,36.585697174072266,-0.40650320053100586,544.1892700195312,169.86758422851562,1926.25,4,16.650611877441406,24.86239242553711,10.459209442138672,10599,COSMOS 985,1978-007A,PAYLOAD,CIS,1978-01-17,Cosmos,LEO,783.6886934444465,2.3600852341705547,1,58507.100911459755,-1.1170439822017215,1125.6894222387443,943.5130515838673,1232.4208108425407,82.9388,936.967365954999,1014.4400567792509,104.59980641423272,8.046786581548966,2.1136155128479004,1,58507.09599074074,58507.10024014678,spacetrack
31,20190207021,58521.349416666664,367.54931640625,199.49546813964844,51.51689529418945,199.44456481933594,51.50208282470703,199.54739379882812,51.53200912475586,254.30950927734375,64.93624877929688,1716.5,3,17.58487319946289,25.671483993530273,5.530831336975098,35752,NAVSTAR 64 (USA 206),2009-043A,PAYLOAD,US,2009-08-17,GPS/GNSS,MEO,16.618449449197215,0.055927639471320845,1,58521.35022638278,-7.389369920070749,21018.65128968142,20047.886217700503,35.82034319845559,54.3848,20038.203863446208,20325.23087603553,717.9566379718011,12.697448995445503,1.854102611541748,1,58521.349416666664,58521.35366837989,spacetrack
32,20190301026,58543.33442245371,367.3310852050781,216.287353515625,51.80931854248047,216.24642944335938,51.694766998291016,216.32192993164062,51.90610122680664,779.1453247070312,12.455881118774414,1587.5,4,16.125404357910156,24.127187728881836,17.362468719482422,15469,COSMOS 1617,1985-003A,PAYLOAD,CIS,1985-01-15,Cosmos,LEO,10.521105710245138,1.2380393747547203,1,58543.34215063174,-0.24684279109351337,1657.1837607240182,1409.2071383318716,840.7257033776702,82.6163,1411.7929868415076,1413.7157783411312,114.06181745586656,7.726843512686514,2.000431776046753,1,58543.33442245371,58543.33867415633,spacetrack
33,20190301026,58543.33442245371,367.3310852050781,216.32147216796875,51.83082580566406,216.2537841796875,51.86073684692383,216.40478515625,51.79399871826172,413.00848388671875,125.57093811035156,1422.5,3,18.104736328125,25.987367630004883,4.576205253601074,,,,,,,,,,,,,,,,,,,,,,2.000431776046753,1,58543.33442245371,58543.33867415633,
34,20190301027,58543.35073842593,367.7989501953125,222.5026092529297,51.00843811035156,222.44480895996094,50.964237213134766,222.5624237060547,51.054168701171875,419.266357421875,39.44874572753906,1401.25,3,13.895746231079102,21.762035369873047,69.6440200805664,10455,MOLNIYA 3-8,1977-105A,PAYLOAD,CIS,1977-10-28,Other,HEO,49.46290756083158,0.22153867054814214,1,58543.353144566274,1.5774546222528443,25689.491954060333,24678.679227433546,15.835229750345446,62.1561,1175.6723861608634,39178.10407162626,717.7608374035939,9.674265005924596,2.2512972354888916,1,58543.35073842593,58543.354995378,spacetrack
35,20190316021,58558.438425925924,367.98291015625,192.17071533203125,51.4063606262207,192.0830841064453,51.36064529418945,192.25782775878906,51.45180130004883,511.5638427734375,50.09794998168945,1759.5,3,14.409065246582031,22.522537231445312,54.23830032348633,43207,BEIDOU 3M5,2018-018A,PAYLOAD,PRC,2018-02-12,GPS/GNSS,MEO,15.456849619829427,0.23084437653970724,1,58558.44219860974,15.11659046227578,22392.368801222743,21528.22608989448,31.377732710285425,55.0459,21508.114247622565,21547.813463854734,773.2295140975258,9.692275159551523,2.027041435241699,1,58558.438425925924,58558.44268459814,spacetrack
36,20190316022,58558.45431597222,367.6002502441406,197.7997589111328,51.375038146972656,197.79432678222656,51.4638786315918,197.8065948486328,51.26340103149414,722.2432250976562,177.81166076660156,1303.5,3,15.330582618713379,23.11836051940918,38.26456832885742,3819,SL-8 R/B,1969-024B,ROCKET BODY,CIS,1969-03-17,Other,LEO,23.804054163525734,0.02709682730775853,1,58558.45614968346,-9.512731146707665,1387.3177875487552,1190.4233719478807,1029.029293328134,73.9883,1179.1560420407377,1194.2554641839515,109.13383465248666,6.49858149548986,1.9315184354782104,0,nan,nan,spacetrack
37,20190401017,58574.31396412037,367.4154357910156,162.6404266357422,51.468753814697266,162.6312713623047,51.46295166015625,162.6494903564453,51.474517822265625,58.33744812011719,44.450439453125,546.5,1,16.044780731201172,22.888757705688477,28.529932022094727,35495,BREEZE-M DEB (TANK),2009-034C,DEBRIS,CIS,2009-06-30,Other,HEO,246.00694236847858,0.4918521630916075,1,58574.32233424357,-21.481551111093722,3664.395217090339,3228.726763538879,371.37272076764987,49.5824,311.95882859388075,13833.639552720002,258.7547923004751,7.375521781336408,2.1930203437805176,2,58574.31865016796,58574.32289493631,spacetrack
38,20190403020,58576.36195949074,367.54833984375,182.2716827392578,51.68983840942383,182.18080139160156,51.75592803955078,182.390869140625,51.6031608581543,722.662353515625,139.55307006835938,1353.0,4,17.326515197753906,25.154760360717773,6.847222328186035,27620,SL-12 R/B(2),2002-060D,ROCKET BODY,CIS,2002-12-25,Other,MEO,10.720040599773029,0.0192660486015086,1,58576.36369913794,-1.3003271820489317,19929.271757051538,19101.963387253567,39.67049029393893,65.6824,19093.962411006505,19110.631709660374,674.6366206878229,12.069881402154854,1.8862767219543457,1,58576.36195949074,58576.36621353164,spacetrack
39,20190407022,58580.36769907407,367.6490478515625,188.48770141601562,51.94065856933594,188.4656524658203,51.94989776611328,188.52284240722656,51.925933837890625,153.45982360839844,124.20323944091797,850.5,2,18.133508682250977,25.45769500732422,3.798482656478882,,,,,,,,,,,,,,,,,,,,,,1.2132574319839478,1,58580.36769907407,58580.371950221444,
40,20190409015,58582.22846412037,367.7815856933594,216.85475158691406,51.446189880371094,216.77093505859375,51.38314437866211,216.95425415039062,51.521034240722656,644.67333984375,39.6462287902832,1649.0,3,16.8332576751709,24.876310348510742,9.524206161499023,10455,MOLNIYA 3-8,1977-105A,PAYLOAD,CIS,1977-10-28,Other,HEO,45.608537341308875,0.12387551160740173,1,58582.2402589182,1.353217928961385,25586.54782225971,24672.225050407327,15.76652276890802,62.1331,1170.273601145288,39200.30396582037,718.1014546501378,12.793260141441781,1.2474581003189087,3,58582.237813909465,58582.242073723624,spacetrack
41,20190409028,58582.43882638889,367.782958984375,215.91342163085938,51.550472259521484,215.9019317626953,51.545249938964844,215.9247283935547,51.55561065673828,63.20212173461914,53.82793045043945,608.5,1,18.816234588623047,25.776885986328125,2.6548259258270264,38857,GALILEO-FM3,2012-055A,PAYLOAD,ESA,2012-10-12,GPS/GNSS,MEO,16.836058314908087,2.4429629244420497,1,58582.4431232918,2.4699683734215796,24117.873405550858,23228.535703785634,28.176262647427958,54.9239,23209.88584700165,23234.548860582836,844.7049736187785,13.063468210613454,1.2282999753952026,1,58582.43882638889,58582.443075225194,spacetrack
42,20190410019,58583.2960787037,367.58203125,165.5320587158203,51.56807327270508,165.50546264648438,51.57792282104492,165.56419372558594,51.556182861328125,152.96864318847656,120.77362060546875,1006.75,2,17.90483856201172,25.41214370727539,4.523036956787109,40751,YZ-1 R/B,2015-037D,ROCKET BODY,PRC,2015-07-25,Other,MEO,9.077929593291856,0.3023487191628078,1,58583.300483215135,4.109846488921903,24841.262132974916,23953.455858630205,28.927707322432134,55.9647,22050.787835584473,27842.860495146182,919.5926689816986,12.670148253621306,1.7263020277023315,1,58583.2960787037,58583.3003263684,spacetrack
43,20190414009,58587.41504629629,367.6824951171875,212.48475646972656,51.39140701293945,212.47213745117188,51.37271499633789,212.4983673095703,51.41158676147461,151.84512329101562,22.829713821411133,748.0,2,18.34685516357422,25.53160858154297,4.595393657684326,37744,GLOBALSTAR M089,2011-033F,PAYLOAD,GLOB,2011-07-13,Globalstar,LEO,23.080134008165487,2.444910800357242,1,58587.418868723915,-10.136635049013421,1637.1126913466594,1408.7370583425345,862.4398537533906,51.99250000000001,1413.054019613499,1414.1573300930595,114.08051286859279,9.10357774804881,1.346399188041687,1,58587.41504629629,58587.41929626818,spacetrack
44,20190414011,58587.446984953705,367.5165100097656,224.08404541015625,52.134552001953125,224.07843017578125,52.144004821777344,224.0897216796875,52.125003814697266,72.81549072265625,159.94891357421875,555.75,1,17.334716796875,24.196914672851562,11.89313793182373,2403,OPS 0856,1966-077A,PAYLOAD,US,1966-08-19,Other,MEO,4.992971055230555,0.31472849632834254,1,58587.449095209486,-2.5300815909868106,4135.942911448603,3698.0396886866356,300.5304504094536,90.2206,3661.2264573696775,3710.7257814995046,167.46454159001252,8.913484902652922,1.4072932004928589,1,58587.446984953705,58587.45124594547,spacetrack
45,20190425006,58598.16706944445,368.4001770019531,210.03109741210938,51.599510192871094,210.0224151611328,51.60126495361328,210.03878784179688,51.59795379638672,38.49589157104492,108.03832244873047,326.0,1,18.765539169311523,25.048582077026367,4.376717567443848,37198,BREEZE-M DEB,2008-011C,DEBRIS,CIS,2008-03-14,Other,HEO,32.02809749458879,0.2655671755755975,1,58598.170706385594,-2.326424053288065,17323.98354620733,16412.843457483013,34.26962355071794,49.1559,488.66701455520433,26363.660926714307,462.2734392657532,12.122600468035888,1.5872292518615723,1,58598.16706944445,58598.171336223255,spacetrack
46,20190428019,58601.14607407407,368.0323181152344,206.0512237548828,50.973201751708984,205.9751434326172,51.0719108581543,206.1405792236328,50.857242584228516,858.9945068359375,154.1138153076172,2175.25,5,17.255512237548828,25.599285125732422,6.001521110534668,,,,,,,,,,,,,,,,,,,,,,1.4126418828964233,1,58601.14607407407,58601.15034198245,
47,20190501029,58604.43309375,367.9659729003906,271.0569763183594,65.9377670288086,271.0382080078125,65.94181060791016,271.0751953125,65.93384552001953,61.39449691772461,117.84744262695312,599.75,1,15.059028625488281,22.00395393371582,47.834964752197266,,,,,,,,,,,,,,,,,,,,,,1.931984782218933,1,58604.43309375,58604.43735474777,
48,20190505030,58608.39946527778,367.7822265625,227.2952880859375,51.07909393310547,227.2095489501953,50.9809455871582,227.37063598632812,51.16535949707031,757.2767944335938,28.756858825683594,1662.5,4,17.962337493896484,26.01424217224121,4.194361209869385,16908,EGS (AJISAI),1986-061A,PAYLOAD,JPN,1986-08-12,Other,LEO,37.86486007381882,0.5590148844960474,1,58608.40313246103,3.8752758666523732,1710.5739802263352,1473.9446452471084,819.903437272586,50.0085,1478.7102037450422,1496.54975872248,115.71007611972894,9.641125494036201,1.6646697521209717,1,58608.39946527778,58608.40372220936,spacetrack
49,20190524018,58627.20901273148,367.81591796875,176.754150390625,51.11198806762695,176.63629150390625,50.979949951171875,176.822021484375,51.18803787231445,858.7020263671875,29.264162063598633,2093.0,5,17.37313461303711,25.675058364868164,5.89301872253418,13610,SL-12 R/B(2),1982-100H,ROCKET BODY,CIS,1982-10-12,Other,MEO,2.1308242975521807,0.00858866966391858,1,58627.20959682832,-2.3685078846174292,19891.682164239486,19071.50271283711,37.67054884171283,63.975100000000005,19036.946931859507,19079.17101385446,672.8804685790054,12.646343447570729,1.984525442123413,1,58627.20901273148,58627.213270251166,spacetrack
50,20190528016,58631.21708333334,367.56591796875,183.88589477539062,51.414100646972656,183.8822784423828,51.46828842163086,183.88912963867188,51.365806579589844,369.25787353515625,177.6159210205078,837.5,3,16.815441131591797,24.122901916503906,12.00655460357666,7273,SL-8 R/B,1974-024J,ROCKET BODY,CIS,1974-04-23,Other,LEO,3.485302430635784,0.20773297011120917,1,58631.220107655325,-6.2835385599173605,1804.306492534735,1556.2685540502598,775.2129801219388,74.0228,1487.6277163553696,1607.0998552520905,117.03065501708961,7.810641214062645,1.7967722415924072,1,58631.21708333334,58631.22133910391,spacetrack
51,20190621013,58655.18343981481,368.2528076171875,195.97023010253906,51.67847442626953,195.96685791015625,51.687530517578125,195.97361755371094,51.66938018798828,67.05518341064453,166.99386596679688,487.75,1,16.459522247314453,23.180015563964844,21.55663299560547,16194,SL-14 R/B,1985-100B,ROCKET BODY,CIS,1985-10-24,Other,LEO,26.895883530238507,0.5131577329324841,1,58655.186737007534,-7.860609484487213,1435.8770826941118,1230.716024668969,980.1741256305082,82.6495,1222.8044104981245,1246.3169824262168,110.17103644857714,6.613047990592243,1.7252975702285767,1,58655.18343981481,58655.187702852745,spacetrack
52,20190701017,58665.19468518518,547.7333374023438,210.29324340820312,51.330177307128906,210.25213623046875,51.438114166259766,210.32318115234375,51.25157928466797,690.2748413085938,166.61524963378906,1235.25,3,17.662818908691406,25.3922061920166,7.065365314483643,16494,SL-8 R/B,1986-005B,ROCKET BODY,CIS,1986-01-16,Other,LEO,14.125580608026667,0.06597076054714535,1,58665.20084344961,10.05315132450778,1142.4942945108162,970.3838531482807,1249.7957855417822,82.9315,962.7366149004811,990.0056527434663,104.61404670008241,8.561399058453153,1.3710757493972778,1,58665.19468518518,58665.20102800242,spacetrack
53,20190726014,58690.182309027776,368.300537109375,225.9001007080078,52.15373611450195,225.85777282714844,52.23356246948242,225.92523193359375,52.106353759765625,481.5919189453125,161.9757843017578,825.0,2,16.707054138183594,23.998188018798828,14.67794132232666,574,MIDAS 6 (FTV 1169),1963-014A,PAYLOAD,US,1963-05-09,Other,MEO,10.67428750808972,0.03386124389783163,1,58690.1838887944,9.357922746625263,4099.076961898975,3604.22573604648,311.61461777785604,87.3235,3607.7977269704134,3680.499371837792,166.42162507744413,8.675435087162326,1.9276193380355835,1,58690.182309027776,58690.186573839186,spacetrack
54,20190731013,58695.14406597222,368.15087890625,220.7716827392578,51.39803695678711,220.70643615722656,51.46067428588867,220.83950805664062,51.33293151855469,548.4666748046875,146.97715759277344,1770.75,4,14.597628593444824,22.718021392822266,58.786865234375,28654,NOAA 18,2005-018A,PAYLOAD,US,2005-05-20,Other,LEO,42.73104342252054,0.18682865449207497,1,58695.14618866541,5.210543333378155,988.0198359404101,839.0351134404455,1417.4881056109919,99.0928,840.0679476765672,861.9954561167597,101.9511407186758,5.7505137942341875,1.4520469903945923,1,58695.14406597222,58695.14831714326,spacetrack
55,20190810014,58705.35991435185,488.1472473144531,9.315352439880371,0.6166572570800781,9.212244987487793,0.5627273917198181,9.421863555908203,0.6723668575286865,851.5764770507812,62.3870849609375,5228.5,9,14.165990829467773,23.461933135986328,39.59859848022461,6797,ATLAS CENTAUR R/B,1973-058B,ROCKET BODY,US,1973-08-23,Other,HEO,310.8549451492138,0.6689525411689985,1,58705.36852427109,0.008902364526875317,2543.717356329601,2172.9118834625324,590.6117300478996,27.748000000000005,523.4201822858995,36419.25022508805,649.7337567034589,7.444969072892718,1.526982069015503,1,58705.35991435185,58705.3655578609,spacetrack
56,20190811021,58706.43870949074,368.369384765625,35.67383575439453,0.6681045889854431,35.57455062866211,0.7213661670684814,35.767738342285156,0.6177304983139038,789.1889038085938,118.212890625,1993.25,4,16.756397247314453,25.005300521850586,7.232500076293945,34382,DELTA 2 R/B(1),2009-011C,ROCKET BODY,US,2009-03-07,Other,MEO,4.903366436235501,0.08917150380402461,1,58706.440375432285,11.46160273795249,7585.757843374874,6895.574063987559,124.4980107448255,28.5509,2243.4249803219063,7361.8074000777815,196.09485752103072,10.678686281592142,1.9802658557891846,1,58706.43870949074,58706.44297858592,spacetrack
57,20190829005,58724.3546412037,368.2047424316406,22.065942764282227,0.5507159233093262,22.035560607910156,0.5319659113883972,22.09543800354004,0.5689191222190857,253.29217529296875,58.31766891479492,1595.75,3,17.139556884765625,25.146968841552734,4.960130214691162,,,,,,,,,,,,,,,,,,,,,,1.2044711112976074,1,58724.3546412037,58724.35890187546,
58,20190829005,58724.3546412037,368.2047424316406,22.062973022460938,0.5442662835121155,22.033540725708008,0.5357723832130432,22.100004196166992,0.5549530386924744,249.02406311035156,73.90180206298828,1303.0,3,16.984527587890625,24.771888732910156,6.254795551300049,21789,COSMOS 2172,1991-079A,PAYLOAD,CIS,1991-11-22,Cosmos,GEO,4.8370808766151185,0.06034949967900616,1,58724.35819115794,1.38456728879828,36759.85145404577,35737.28769479391,15.223721353685052,14.941,35729.04660587702,35782.64102693149,1434.5260494290258,12.726877194451925,1.2044711112976074,1,58724.3546412037,58724.35890187546,spacetrack
59,20190831011,58726.42885300926,368.1507873535156,15.72784423828125,-0.4870235025882721,15.619743347167969,-0.4908177852630615,15.859394073486328,-0.4824061691761017,863.2437744140625,87.98970794677734,2165.75,4,15.943978309631348,24.28299903869629,14.483325004577637,43651,AEHF 4 (USA 288),2018-079A,PAYLOAD,US,2018-10-17,Other,GEO,9.19236396006795,0.04227695982429225,1,58726.43150262673,-5.538214817759581,36812.95558091189,35876.31272973876,15.025207768432093,4.452,35847.69600189971,35877.49261235296,1439.9812658437313,12.252238534930871,1.358476161956787,1,58726.42885300926,58726.43311084084,spacetrack
60,20190903025,58729.42329513889,368.4882507324219,12.781662940979004,-0.5813528895378113,12.73674201965332,-0.5830725431442261,12.812149047851562,-0.5801858305931091,271.6530456542969,87.80760192871094,957.75,2,16.840787887573242,24.293916702270508,10.129884719848633,43651,AEHF 4 (USA 288),2018-079A,PAYLOAD,US,2018-10-17,Other,GEO,12.046773088559348,0.04724995257146247,1,58729.424300767685,-6.017902106512338,36895.176258529325,35875.66047368019,15.02416128149897,4.447,35847.5716679857,35876.88648065328,1439.9625897719177,12.26323332963552,1.3439395427703857,1,58729.42329513889,58729.42755581312,spacetrack
61,20190904016,58730.30025810185,368.1480407714844,10.237898826599121,0.828300416469574,10.162479400634766,0.8084031343460083,10.315032005310059,0.8486496210098267,567.9246826171875,75.2194595336914,2316.25,4,15.9268217086792,24.33878517150879,14.483294486999512,18578,SL-12 R/B(2),1987-096D,ROCKET BODY,CIS,1987-11-26,Other,GEO,4.277145557205131,0.007410140940962151,1,58730.30438247621,1.0770497244084254,36835.40404663944,35776.14755729352,15.177567065837204,14.0344,35620.165954381366,35782.66876969308,1431.7473794697885,12.29707052099205,1.53155517578125,1,58730.30025810185,58730.30451300953,spacetrack
62,20191027020,58783.261318287034,547.9659423828125,16.264387130737305,-0.5931890606880188,16.256145477294922,-0.5936120748519897,16.271440505981445,-0.5928271412849426,55.13041305541992,87.06195068359375,487.25,1,15.652791976928711,22.37217140197754,26.117237091064453,40946,MORELOS 3,2015-056A,PAYLOAD,MEX,2015-10-02,Other,GEO,7.190670428576595,0.9037053388240821,1,58783.26606658658,-9.533466071239673,36655.56458508962,35788.188866092234,15.082704434718076,5.1901,35782.81415952571,35790.02429829885,1436.08782391098,10.337264177956836,2.540823459625244,1,58783.261318287034,58783.26766260613,spacetrack
63,20191028019,58784.26578819445,427.6161193847656,18.76073455810547,-0.429312527179718,18.651199340820312,-0.4363194406032562,18.887540817260742,-0.4212007224559784,852.5459594726562,86.33969116210938,1894.75,4,14.229262351989746,22.423141479492188,60.2801513671875,40946,MORELOS 3,2015-056A,PAYLOAD,MEX,2015-10-02,Other,GEO,7.770445027722417,0.016230838341869003,1,58784.27026088603,-8.804025013174396,36647.08610664729,35787.917602099755,15.085349699224333,5.1886,35783.13190129527,35789.633669937815,1436.0859620712342,10.38804431886436,1.5862653255462646,1,58784.26578819445,58784.27074683995,spacetrack
64,20191104016,58791.293836805555,367.9163818359375,32.19981002807617,-0.3975315988063812,32.13808059692383,-0.39796245098114014,32.27678298950195,-0.39699429273605347,499.33203125,89.60005950927734,1515.5,3,18.321645736694336,26.273035049438477,2.1268627643585205,33509,TITAN 3C TRANSTAGE DEB,1968-081K,DEBRIS,US,1968-09-26,Other,GEO,6.163335551286764,0.29548033579540345,1,58791.29641480649,-2.81681578658754,36012.18624055081,35105.85802154629,15.554749438803524,4.2003,35082.13481697398,35492.07913276472,1410.654285850341,14.204668672071701,1.743783950805664,1,58791.293836805555,58791.298102424764,spacetrack
65,20191117013,58804.13239583333,368.1747131347656,16.50008773803711,-0.24689172208309174,16.411848068237305,-0.27216455340385437,16.588407516479492,-0.22159622609615326,661.1663208007812,74.01768493652344,1164.25,2,18.063547134399414,25.728662490844727,1.7747355699539185,21046,SL-12 R/B(2),1990-102D,ROCKET BODY,CIS,1990-11-23,Other,GEO,6.894191876864397,1.1445855263142732,1,58804.1351301221,-11.79390687996056,37475.739016903535,36513.6016008498,14.734107987031969,15.577800000000002,36411.27981899081,36538.39888210428,1471.401473118108,13.719143762631488,1.81919527053833,1,58804.13239583333,58804.136655970324,spacetrack
66,20191119015,58806.12485763889,487.8325500488281,18.532072067260742,0.7666586637496948,18.524118423461914,0.7658013701438904,18.540260314941406,0.767541229724884,58.44353103637695,83.8475570678711,614.0,1,16.49840545654297,23.468826293945312,14.690646171569824,24892,ARIANE 44P R/B,1997-040B,ROCKET BODY,FR,1997-08-08,Other,HEO,12.053160043166145,0.12339776279165449,1,58806.12686418522,-11.51573114655912,23655.156554291636,22738.42118747011,16.153231829446504,7.814099999999999,298.5045018047949,23508.785436919294,410.0033891050978,11.359468452195799,1.7841556072235107,1,58806.12485763889,58806.13051330411,spacetrack
67,20191122014,58809.18087847222,427.7159118652344,10.607177734375,0.48713892698287964,10.484061241149902,0.45215585827827454,10.686327934265137,0.5096291303634644,756.9583129882812,74.13713836669922,2275.75,5,16.623552322387695,25.0163631439209,6.611794948577881,13652,ANIK C3 (TELESAT-5),1982-110C,PAYLOAD,CA,1982-11-11,Other,GEO,1.9820476468282777,0.15511500791670585,1,58809.18382325587,0.9282960532000288,36718.07466584823,35876.65795859888,15.113942960083143,14.8237,35873.7954015957,35909.69943972381,1441.4722621096284,12.979209886707338,2.8273019790649414,1,58809.18087847222,58809.18583653599,spacetrack
68,20191124013,58811.07698842593,367.617919921875,11.514724731445312,0.3639397621154785,11.438427925109863,0.3422412872314453,11.615802764892578,0.39268580079078674,663.8582763671875,74.12421417236328,1621.75,3,17.508438110351562,25.533397674560547,4.072206497192383,19347,SL-12 R/B(2),1988-066D,ROCKET BODY,CIS,1988-08-01,Other,GEO,2.3414493695213423,0.053587679615034745,1,58811.0802437636,-10.563338977808598,37332.63865430788,36171.51644197094,14.968658654698784,14.851000000000003,36108.51979783919,36381.828982310224,1459.5886577108806,13.50673129770022,1.393760085105896,1,58811.07698842593,58811.08124373521,spacetrack
69,20191124020,58811.2516400463,427.6429748535156,32.51204299926758,0.37492209672927856,32.505558013916016,0.37456339597702026,32.517513275146484,0.37522485852241516,43.100502014160156,86.83282470703125,385.25,1,17.035003662109375,23.499361038208008,13.773435592651367,3431,LES 6,1968-081D,PAYLOAD,US,1968-09-26,Other,GEO,6.7297212294079145,2.9781307166021804,1,58811.25459423148,-7.772821288788691,36778.43111800343,35810.32505344638,15.085850153036198,4.7912,35759.09293345466,35856.20460769452,1437.17254984062,11.464226439606033,1.8536183834075928,1,58811.2516400463,58811.256588555305,spacetrack
70,20191125027,58812.47179513889,547.8076782226562,170.5069122314453,51.236473083496094,170.50352478027344,51.15073776245117,170.51004028320312,51.31545639038086,593.1591796875,1.4163018465042114,1134.0,3,13.38773250579834,21.02426528930664,125.19231414794922,25407,SL-16 R/B,1998-045B,ROCKET BODY,CIS,1998-07-28,Other,LEO,14.574065611964215,0.035817183145468334,1,58812.4750854405,-2.7926316268276423,1012.2536913547102,842.4940794036975,1446.2368161776267,71.01,832.2901877181102,846.9306625384397,101.70962903175071,4.034957242725509,2.259848117828369,1,58812.47179513889,58812.478138623694,spacetrack
71,20191202020,58819.20529745371,367.8406677246094,23.261444091796875,-0.892795205116272,23.222091674804688,-0.9024404287338257,23.311979293823242,-0.8804087042808533,333.1355895996094,76.22652435302734,1726.0,3,15.807798385620117,23.900400161743164,18.48373031616211,23247,TITAN 4 CENTAUR R/B,1994-054B,ROCKET BODY,US,1994-08-27,Other,GEO,2.2408921320788977,0.02015714618900688,1,58819.20582922984,-22.96864503098186,36902.86026791682,35883.861899378906,15.088876489330849,12.5674,35466.38525044232,36496.459551585736,1446.06178979851,11.865048737990978,1.4774895906448364,1,58819.20529745371,58819.20955380673,spacetrack
72,20191222016,58839.191342592596,367.8671875,36.03718948364258,-0.27028220891952515,36.02787780761719,-0.2737148404121399,36.046791076660156,-0.2667430639266968,72.55762481689453,69.7626724243164,759.75,1,16.811338424682617,24.01301383972168,10.184440612792969,28546,DELTA 4 R/B,2004-050B,ROCKET BODY,US,2004-12-21,Other,HEO,4.0123551210228925,0.8137469390046164,1,58839.192989875504,1.0328002223395742,37332.106458121896,36280.706645882696,12.637081631048822,16.9679,18982.996766883065,36469.987430436115,1044.671358832257,12.170188852307469,1.3389523029327393,1,58839.191342592596,58839.19559697752,spacetrack
73,20191230031,58847.46939351852,367.9611511230469,198.12789916992188,50.874916076660156,198.0375518798828,50.987586975097656,198.18873596191406,50.79904556274414,760.6856079101562,153.16073608398438,1232.75,3,16.517030715942383,24.244218826293945,14.347644805908203,25875,GLOBALSTAR M028,1999-041D,PAYLOAD,GLOB,1999-07-25,Globalstar,LEO,5.141392634538988,0.09099013192252414,1,58847.47207627695,-7.037627315497957,1652.067348736631,1444.0483122698297,853.4828239527486,51.9644,1412.6771707549478,1512.1407432849119,115.15399809659398,7.827521913132678,1.6570391654968262,1,58847.46939351852,58847.47365450499,spacetrack
74,20191230032,58847.48586111111,367.8584289550781,201.4610137939453,51.71919250488281,201.39498901367188,51.7873649597168,201.52601623535156,51.65207290649414,567.997314453125,149.03672790527344,1877.5,4,17.020410537719727,25.20435905456543,5.535687446594238,23420,MOLNIYA 1-88,1994-081A,PAYLOAD,CIS,1994-12-14,Other,HEO,4.381850344969962,0.09830715818893054,1,58847.48888193863,3.7361035466892645,24176.634815187113,23439.332511681856,17.063438439680787,63.9665,1105.1679296349903,23910.70141042664,430.4989646230839,13.035484659922975,1.7885346412658691,1,58847.48586111111,58847.4901145745,spacetrack
75,20200104026,58852.35413310185,367.3733215332031,168.9849090576172,51.87210464477539,168.87794494628906,51.91472244262695,169.09085083007812,51.829898834228516,563.1920166015625,122.83484649658203,2134.75,4,15.454309463500977,23.777677536010742,31.3366756439209,37871,BREEZE-M DEB (TANK),2011-064E,DEBRIS,CIS,2011-11-04,Other,HEO,10.101449724635359,0.02930142422168558,1,58852.35445128282,8.31328516441863,19419.420627124488,18404.86707857662,24.36812513377554,52.6052,363.34527797456303,18686.12863479004,332.6389287795729,11.22191236163173,1.9058798551559448,1,58852.35413310185,58852.35838598315,spacetrack
76,20200118009,58866.07402546296,607.4729614257812,25.035627365112305,-0.19758044183254242,24.950328826904297,-0.12302915006875992,25.08972930908203,-0.244866743683815,666.50732421875,131.15362548828125,2135.75,4,17.899940490722656,26.223817825317383,3.487579345703125,,,,,,,,,,,,,,,,,,,,,,1.7808268070220947,1,58866.07402546296,58866.08106133793,
77,20200118009,58866.07402546296,607.4729614257812,24.99633026123047,-0.17408837378025055,24.9058837890625,-0.2006760984659195,25.106033325195312,-0.14183945953845978,751.0211791992188,73.61849212646484,2289.0,6,17.4635009765625,25.86261558532715,4.936328411102295,15642,NAHUEL I1 (ANIK C1),1985-028B,PAYLOAD,ARGN,1985-04-12,Other,GEO,2.6562402918614225,0.13153154724416538,1,58866.081210663026,-11.401897608709987,36893.5148900278,35920.32902522796,15.077714777215894,15.0765,35903.04550866368,36015.79041219731,1444.9351615950764,13.828067282279594,1.7808268070220947,1,58866.07402546296,58866.08106133793,spacetrack
78,20200118009,58866.07402546296,607.4729614257812,25.113677978515625,-0.18818196654319763,25.08112907409668,-0.2280285805463791,25.136669158935547,-0.16003455221652985,316.059326171875,39.242977142333984,1813.25,4,17.48395538330078,25.63010025024414,5.61234188079834,,,,,,,,,,,,,,,,,,,,,,1.7808268070220947,1,58866.07402546296,58866.08106133793,
79,20200127027,58875.37937037037,368.0595703125,193.82012939453125,52.215328216552734,193.7206268310547,52.28923034667969,193.91949462890625,52.141517639160156,689.340576171875,140.48118591308594,1564.5,3,16.413070678710938,24.399009704589844,13.6171875,9880,MOLNIYA 1-36,1977-021A,PAYLOAD,CIS,1977-03-24,Other,HEO,9.459006645727186,0.02640169942677062,1,58875.38163844474,8.105994248762727,35003.896526419914,34109.329649753854,8.018020655268067,62.3722,305.2344190227859,40000.62930257073,716.7897745637919,13.05013230361819,1.8450353145599365,1,58875.37937037037,58875.383628782976,spacetrack
80,20200130018,58878.39854282408,427.5002746582031,205.62571716308594,50.449031829833984,205.57168579101562,50.48002243041992,205.6598663330078,50.429443359375,272.0545959472656,132.01161193847656,901.25,2,16.696325302124023,24.083438873291016,12.140196800231934,44506,NAVSTAR 78 (USA 293),2019-056A,PAYLOAD,US,2019-08-22,GPS/GNSS,MEO,10.140820543534801,0.3169903704748265,1,58878.403370459586,0.5956253777258098,20987.9296777261,20182.515500548965,34.449214759330026,55.135200000000005,20176.99988744739,20201.43653893288,718.2607997082823,11.151780811951397,2.8026552200317383,1,58878.39854282408,58878.40349709928,spacetrack
81,20200223018,58902.29771990741,547.98291015625,194.16842651367188,51.8314094543457,194.13388061523438,51.875770568847656,194.2029266357422,51.78712463378906,354.1600646972656,154.299072265625,1767.75,4,16.84850311279297,24.96705436706543,6.341175556182861,28917,COSMOS 2417 (GLONASS),2005-050C,PAYLOAD,CIS,2005-12-25,Cosmos,MEO,6.647911165430287,0.21858678068670656,1,58902.30316760756,1.4452384178875946,19941.301179992766,19088.23820248719,37.695313121884446,65.935,19092.39709524448,19166.971756117397,675.7246016625762,11.937627472553785,1.570061445236206,1,58902.29771990741,58902.30405207599,spacetrack
82,20200226021,58905.36996527778,367.6150817871094,226.1181182861328,50.401729583740234,226.08511352539062,50.489933013916016,226.14096069335938,50.340721130371094,552.2378540039062,166.58094787597656,1653.75,4,16.858089447021484,24.904264450073242,7.4956841468811035,19960,COSMOS 375 DEB,1970-091AY,DEBRIS,CIS,1970-10-30,Cosmos,LEO,85.15847295427648,4.3130777306452615,1,58905.377783593205,2.316977226699237,1994.0083911280142,1713.7665663735834,676.5006149689951,62.9121,560.0412269241178,1877.0171638286338,109.82320757664941,8.739884233656289,3.019648313522339,1,58905.36996527778,58905.374220170976,spacetrack
83,20200226025,58905.44095138889,487.956298828125,173.42063903808594,50.554481506347656,173.3424530029297,50.43232727050781,173.49916076660156,50.67717361450195,951.5420532226562,22.128963470458984,3490.75,8,16.780839920043945,25.63813591003418,6.246199131011963,44788,ISS DEB,1998-067QT,DEBRIS,CIS,1998-11-20,Other,LEO,245.75208213372548,1.8109597896867164,1,58905.44479116815,1.63630749337608,490.27668286078756,405.9193331459601,3102.231616069745,51.6438,405.85259152963954,412.7581333543876,92.75103619621942,7.820241870741571,3.0671162605285645,1,58905.44095138889,58905.44660095695,spacetrack
84,20200325020,58933.19894444445,367.9088439941406,185.38491821289062,51.318084716796875,185.32142639160156,51.39594650268555,185.4547882080078,51.232391357421875,660.8575439453125,152.99417114257812,856.0,2,17.79693603515625,25.12812042236328,4.88135290145874,20623,SL-12 R/B(2),1990-045E,ROCKET BODY,CIS,1990-05-19,Other,MEO,13.833875769336146,0.0019772981254675415,1,58933.2006150922,-24.33722197310999,19911.010227114974,19130.758658055423,37.6841953932353,65.3122,19065.53950397868,19143.980952069585,674.7344477153758,12.099012962430148,2.0879504680633545,1,58933.19894444445,58933.20319939416,spacetrack
85,20200325022,58933.23197569444,367.6863708496094,198.16390991210938,50.6892204284668,198.00343322753906,50.70663070678711,198.32325744628906,50.67192840576172,740.04736328125,99.71849822998047,2643.5,4,14.488508224487305,23.043956756591797,61.854087829589844,44345,FALCON HEAVY R/B,2019-036G,ROCKET BODY,US,2019-06-25,Other,MEO,22.238128726104378,0.0448276498655531,1,58933.23257655705,-24.42948949331185,6622.037066082306,6079.840392031193,178.88461830327873,42.2518,5424.477617648696,11959.747804496668,306.86002527738145,8.323814647736341,1.9879491329193115,1,58933.23197569444,58933.236230643444,spacetrack
86,20200325029,58933.35716782408,368.2249450683594,168.81480407714844,52.060447692871094,168.68031311035156,51.95217514038086,168.9209747314453,52.14591598510742,877.6116333007812,37.3696174621582,1973.25,4,17.090723037719727,25.328678131103516,6.286775588989258,21429,SL-6 R/B(2),1991-043D,ROCKET BODY,CIS,1991-06-18,Other,HEO,25.833476935974886,0.06886547098242346,1,58933.360057873695,-22.886813902063295,25046.536205874778,24051.50088851269,18.525568336405737,63.9284,2458.2522861533507,38604.99646049244,732.1911101168905,13.07054009849265,2.1009607315063477,1,58933.35716782408,58933.36142740405,spacetrack
87,20200329020,58937.31201041667,728.0022583007812,168.7273712158203,50.85310745239258,168.60560607910156,50.95119857788086,168.83688354492188,50.764888763427734,852.1146240234375,141.91592407226562,1626.5,4,16.76222038269043,24.790355682373047,5.4187846183776855,20620,COSMOS 2080 (GLONASS),1990-045B,PAYLOAD,CIS,1990-05-19,Cosmos,MEO,10.809734827319062,0.013638703670523,1,58937.31312656861,-2.3372576000983827,19717.0793418769,19126.089590357573,39.759549120538765,65.2997,19076.345675311422,19183.310768285708,675.7303155993277,11.703042557731994,1.3752020597457886,1,58937.31201041667,58937.32043808393,spacetrack
88,20200401016,58940.39178935185,367.8083801269531,187.20619201660156,50.596073150634766,187.12571716308594,50.5652961730957,187.33436584472656,50.64509582519531,556.671875,58.93075942993164,1655.0,3,15.387040138244629,23.434036254882812,26.475961685180664,38089,BREEZE-M DEB (TANK),2012-007C,DEBRIS,CIS,2012-02-14,Other,HEO,36.746778097938204,0.046377738303704064,1,58940.39534084552,5.164667084463872,12041.763118358198,11207.436004904564,58.84142959097585,49.5722,296.9322076765202,13965.410728083863,260.4409742083296,9.921117727357053,1.8121461868286133,1,58940.39178935185,58940.39604628803,spacetrack
89,20200412016,58951.149685185184,367.01416015625,183.21163940429688,55.40593338012695,183.17677307128906,55.359683990478516,183.25682067871094,55.465858459472656,415.76177978515625,23.171428680419922,725.0,2,18.568544387817383,25.719388961791992,2.6428799629211426,12664,COSMOS 1275 DEB,1981-053U,DEBRIS,CIS,1981-06-04,Cosmos,LEO,37.58636899883072,0.05534224497073126,1,58951.15162234278,-5.1836348357610404,1100.8447579549384,938.6823398632132,1257.3385162638895,82.8922,931.3829020569128,1051.9617940398011,104.94069424237743,8.882049488273193,1.841552734375,1,58951.149685185184,58951.15393544352,spacetrack
90,20200414023,58953.28373611111,368.1102294921875,232.2601318359375,54.01056671142578,232.16966247558594,54.13249969482422,232.34934997558594,53.890342712402344,951.0401611328125,156.44044494628906,4137.0,10,15.3440523147583,24.385765075683594,14.794979095458984,,,,,,,,,,,,,,,,,,,,,,2.0611162185668945,1,58953.28373611111,58953.287998241634,
91,20200414023,58953.28373611111,368.1102294921875,232.1461181640625,54.054107666015625,231.9416961669922,53.99897003173828,232.35147094726562,54.10948944091797,953.0021362304688,65.32354736328125,5702.0,10,12.883618354797363,22.273685455322266,71.92723846435547,,,,,,,,,,,,,,,,,,,,,,2.0611162185668945,1,58953.28373611111,58953.287998241634,
92,20200416012,58955.1364837963,367.8663024902344,195.333740234375,56.308712005615234,195.22804260253906,56.34833908081055,195.4358367919922,56.27043533325195,500.8323974609375,124.05416870117188,1746.5,3,16.371376037597656,24.476797103881836,10.007137298583984,,,,,,,,,,,,,,,,,,,,,,1.7833694219589233,1,58955.1364837963,58955.140737270995,
93,20200419019,58958.22388773148,487.2320556640625,214.63746643066406,54.85614776611328,214.50709533691406,54.812198638916016,214.77911376953125,54.903892517089844,653.2518310546875,59.647823333740234,3762.25,7,16.002098083496094,24.940715789794922,11.606114387512207,,,,,,,,,,,,,,,,,,,,,,1.8825162649154663,1,58958.22388773148,58958.22952485727,
94,20200420015,58959.158701388886,367.8663635253906,192.5386199951172,56.157047271728516,192.5381622314453,56.165042877197266,192.5390167236328,56.15013885498047,53.6772575378418,178.17092895507812,312.5,1,18.001136779785156,24.23826026916504,7.055347919464111,43656,CZ-4B R/B,2018-081B,ROCKET BODY,PRC,2018-10-24,Other,LEO,33.36563945396733,3.2167849830181297,1,58959.16218241834,1.762086693313904,1061.4069200104686,910.1114221505741,1361.066709518556,99.3926,641.3552141446635,939.2394190610948,100.6690600656467,7.314853937801274,1.5140535831451416,1,58959.158701388886,58959.16296269113,spacetrack
95,20200423031,58962.43937037037,367.3262634277344,221.12905883789062,49.83042907714844,221.02911376953125,49.912235260009766,221.2384033203125,49.74092483520508,785.221435546875,141.75953674316406,1831.75,4,16.20215606689453,24.35932159423828,12.435083389282227,4611,THORAD AGENA D DEB,1970-025P,DEBRIS,US,1970-04-08,Other,LEO,45.279874190367764,0.12274137754977232,1,58962.44345077462,-1.651329111191444,1001.3207989370788,798.1789612726643,1383.3064253831635,99.8472,798.8443266219219,980.775523992208,102.7725592790409,7.418316214839811,1.36422598361969,1,58962.43937037037,58962.44362236757,spacetrack
96,20200424024,58963.37046643518,368.0909729003906,202.6467742919922,56.20383834838867,202.56358337402344,56.19976043701172,202.72825622558594,56.20783233642578,331.02947998046875,84.96257781982422,1742.0,3,16.01226234436035,24.114883422851562,15.859172821044922,38089,BREEZE-M DEB (TANK),2012-007C,DEBRIS,CIS,2012-02-14,Other,HEO,11.109049851489772,0.06226181276656462,1,58963.37083080171,1.171933084493503,13091.188621930065,12175.527708335343,51.399169457904016,49.582,296.859759760272,13963.42385118313,260.4111990487179,10.748783100422722,1.8147534132003784,1,58963.37046643518,58963.374730324,spacetrack
97,20200513014,58982.14409837963,367.7247009277344,214.90911865234375,52.8165397644043,214.88772583007812,52.70374298095703,214.9328155517578,52.94149398803711,861.5078125,6.5381178855896,1372.0,4,16.546857833862305,24.390243530273438,14.014695167541504,44421,COSMOS 2535,2019-039A,PAYLOAD,CIS,2019-07-10,Cosmos,LEO,74.31456952684812,0.1297297048247401,1,58982.147240518796,6.53870351111982,714.9160941627191,602.7823894931771,2097.634022101393,97.87950000000001,604.1916199565067,617.1670526532898,96.90919476479058,6.9972094493908,1.4195677042007446,1,58982.14409837963,58982.148357312166,spacetrack
98,20200518016,58987.26325694445,367.7080383300781,186.71429443359375,55.20087814331055,186.58560180664062,55.123680114746094,186.8424835205078,55.27778244018555,765.7091064453125,43.571571350097656,2889.75,6,16.46921157836914,25.121362686157227,8.586620330810547,,,,,,,,,,,,,,,,,,,,,,1.8070000410079956,1,58987.26325694445,58987.26751562762,
99,20200519006,58988.20478240741,367.95654296875,239.40145874023438,53.760704040527344,239.28192138671875,53.82908630371094,239.51809692382812,53.69397735595703,699.440673828125,134.05941772460938,2237.75,5,17.575965881347656,25.95049476623535,3.8021764755249023,,,,,,,,,,,,,,,,,,,,,,1.3811825513839722,1,58988.20478240741,58988.20903934394,
100,20200521014,58990.193725694444,368.3411560058594,237.38929748535156,53.868797302246094,237.30886840820312,53.96370315551758,237.46742248535156,53.776607513427734,752.9491577148438,153.44839477539062,3401.5,8,16.2497615814209,25.078937530517578,10.653009414672852,25652,GLOBALSTAR M037,1999-012D,PAYLOAD,GLOB,1999-03-15,Globalstar,LEO,7.987677676180738,3.1476418707877087,1,58990.2024941564,-2.1387058933032677,1602.2567409522017,1408.5058298493013,880.317549089837,52.0022,1411.3059271046277,1415.3652832899352,114.0745817000946,8.62863000366736,1.9427608251571655,1,58990.193725694444,58990.197992468304,spacetrack
101,20200521018,58990.26204398148,367.3077697753906,191.38735961914062,56.08934020996094,191.3136749267578,56.138710021972656,191.46524047851562,56.03714370727539,475.7650146484375,140.2220001220703,1863.75,4,17.127918243408203,25.30388641357422,6.233241081237793,21118,MOLNIYA 1-80,1991-012A,PAYLOAD,CIS,1991-02-15,Other,HEO,15.128545327149823,0.26968068951646273,1,58990.26283010604,6.749215475516394,37156.13086939168,36044.253754936326,8.888954159503713,64.3387,1825.4130872032129,37729.22359290035,701.6218539732854,13.843051351170942,1.8323873281478882,1,58990.26204398148,58990.26629397844,spacetrack
102,20200524015,58993.16902199074,367.7248229980469,231.24551391601562,52.31200408935547,231.2310028076172,52.197452545166016,231.25970458984375,52.4240608215332,818.21923828125,4.42738676071167,1802.25,5,15.471745491027832,23.611282348632812,22.580472946166992,38346,H-2A DEB,2012-025G,DEBRIS,JPN,2012-05-17,Other,LEO,54.178417430182435,0.14496695410162097,1,58993.17058298504,-20.953029822267126,717.910265038097,617.0621001716045,2097.4129758897134,98.2518,618.8356059459629,627.1837708724215,97.16577291924324,6.218363833254454,1.5765949487686157,1,58993.16902199074,58993.173283265074,spacetrack
103,20200524027,58993.393890046296,367.6328125,239.056884765625,53.58070755004883,239.02407836914062,53.53981399536133,239.09498596191406,53.62820816040039,352.46160888671875,25.46367645263672,1586.25,4,14.598475456237793,22.59940528869629,52.1214714050293,25883,GLOBALSTAR M024,1999-043A,PAYLOAD,GLOB,1999-08-17,Globalstar,MEO,24.0509504544832,0.22316164753654633,1,58993.394700072015,2.252633671159856,2487.919084559958,2105.7341641483445,540.9108389042431,52.0016,2109.0852127308717,2111.035800058242,129.71278713627913,6.677880966885534,1.6731793880462646,1,58993.393890046296,58993.39814292053,spacetrack
104,20200610014,59010.172561342595,368.23095703125,182.76698303222656,52.8914909362793,182.742919921875,52.95185089111328,182.79249572753906,52.827457427978516,460.57086181640625,166.48269653320312,1393.75,4,17.206235885620117,25.06669807434082,9.17207145690918,22007,SL-8 R/B,1992-036B,ROCKET BODY,CIS,1992-07-01,Other,LEO,37.82240727838939,0.72237157944096,1,59010.17499671722,-1.6329210578114726,1146.174090068167,977.0306864603699,1237.8795637419485,82.9326,948.1776633150685,994.0384097115184,104.50176953680919,8.246292736582259,2.161581516265869,1,59010.172561342595,59010.17681885557,spacetrack
105,20200617014,59017.1545462963,427.9248046875,182.31494140625,54.31980895996094,182.2802276611328,54.32660675048828,182.350830078125,54.31277847290039,156.38999938964844,108.56430053710938,1161.5,2,17.416284561157227,25.078832626342773,5.979624271392822,25770,GLOBALSTAR M025,1999-031A,PAYLOAD,GLOB,1999-06-10,Globalstar,MEO,12.33380775620958,0.07903660791588152,1,59017.15898401724,6.519904711225536,2370.227874449652,2043.6340601447982,519.042296280933,51.98340000000001,2046.3625860245702,2048.6678439233874,128.2817478825376,9.202116355586279,1.8461954593658447,1,59017.1545462963,59017.1594930569,spacetrack
106,20200617014,59017.1545462963,427.9248046875,182.4558868408203,54.238243103027344,182.25357055664062,54.29851531982422,182.6576690673828,54.17812728881836,954.2753295898438,117.01164245605469,5707.0,10,17.10619354248047,26.49721336364746,4.2977986335754395,,,,,,,,,,,,,,,,,,,,,,1.8461954593658447,1,59017.1545462963,59017.1594930569,
107,20200620018,59020.28721643519,547.56591796875,233.51544189453125,53.7801628112793,233.48915100097656,53.67692565917969,233.537109375,53.865272521972656,685.6854248046875,8.557848930358887,1469.75,4,16.40460205078125,24.322710037231445,13.63529109954834,31791,SL-24 DEB,2007-028C,DEBRIS,CIS,2007-06-28,Other,LEO,4.745514646356241,0.08308686653617592,1,59020.292167175765,-1.686166915576905,1952.70680829278,1674.601085076637,689.5420464167697,64.5241,527.1889307473457,1802.9120753011111,108.66555744135658,8.137599472329073,2.7104859352111816,1,59020.28721643519,59020.293560755694,spacetrack
108,20200812016,59073.17265162037,488.337890625,270.6115417480469,67.53196716308594,270.3863525390625,67.56129455566406,270.8572998046875,67.49996185302734,684.523681640625,108.81724548339844,2111.0,4,16.790292739868164,25.101512908935547,7.22385311126709,13882,SL-6 R/B(2),1983-015E,ROCKET BODY,CIS,1983-03-11,Other,HEO,24.622482257103684,0.08814196065812041,1,59073.17833554887,7.990298408840317,32876.59171050504,31750.17889965556,9.600575212867675,63.61430000000001,1986.342221820305,39063.18605667446,731.9111364731874,13.557060820300443,1.51509690284729,1,59073.17265162037,59073.178300337895,spacetrack
109,20200819023,59080.3757974537,367.4990234375,23.25765609741211,2.2461721897125244,23.160236358642578,2.2195334434509277,23.37112045288086,2.2771987915039062,786.4932861328125,74.69537353515625,2160.75,4,16.9440860748291,25.280597686767578,5.946776866912842,13984,SATCOM 1R,1983-030A,PAYLOAD,US,1983-04-11,Other,GEO,5.85023005343146,0.001483496598652323,1,59080.378405027324,0.04456064896658063,36913.756598745116,35878.030844741705,15.172700433821797,14.9313,35863.52336261562,35947.65105632357,1442.1802592723627,13.23923080372059,1.476217269897461,1,59080.3757974537,59080.38004686186,spacetrack
110,20200821020,59082.338702546294,427.9549255371094,12.502725601196289,2.2863354682922363,12.406621932983398,2.2617502212524414,12.618980407714844,2.3160760402679443,788.519775390625,75.63927459716797,2648.25,5,17.140024185180664,25.69742202758789,4.707231521606445,12089,INTELSAT 502,1980-098A,PAYLOAD,ITSO,1980-12-06,Other,GEO,6.503148392141611,0.049143629388183285,1,59082.342825178355,-1.4589396889787167,37236.32740871587,36197.62534423864,14.960206597136533,14.1526,36139.824678593555,36217.70380420531,1456.1787723173177,13.671368292829452,1.7917776107788086,1,59082.338702546294,59082.343651611605,spacetrack
111,20200825020,59086.32653935185,367.7898864746094,8.666179656982422,1.943621039390564,8.625950813293457,1.9514455795288086,8.716279983520508,1.933876395225525,331.0943298339844,101.01290130615234,1300.75,3,17.814552307128906,25.60003662109375,3.382101058959961,44896,ATLAS 5 CENTAUR DEB,2018-079BK,DEBRIS,US,2018-10-17,Other,HEO,15.521266438179282,0.12249050461818456,1,59086.32674752671,5.295552524446975,33250.620608554054,32274.949981713715,12.291183782687838,11.6781,7964.487823626878,32363.213410517703,717.232308107858,13.787343245347156,1.3996357917785645,1,59086.32653935185,59086.330797619645,spacetrack
112,20200826022,59087.40206597222,367.906494140625,36.003623962402344,1.8353922367095947,35.8934326171875,1.8229519128799438,36.09451675415039,1.8456536531448364,728.1419067382812,83.55559539794922,1909.0,3,18.17169761657715,26.37371253967285,2.078806161880493,,,,,,,,,,,,,,,,,,,,,,1.3885962963104248,1,59087.40206597222,59087.406320010996,
113,20200826023,59087.41913541667,367.3072204589844,35.73976516723633,-2.2900023460388184,35.651771545410156,-2.2647829055786133,35.858917236328125,-2.3241515159606934,775.1743774414062,106.00458526611328,2033.0,4,17.638797760009766,25.90913963317871,3.855508327484131,,,,,,,,,,,,,,,,,,,,,,1.479676365852356,1,59087.41913541667,59087.42338046442,
114,20200827018,59088.35430439815,367.9947814941406,19.72531509399414,1.6642369031906128,19.622827529907227,1.673774242401123,19.876310348510742,1.6501855850219727,916.0953979492188,95.31876373291016,1818.75,4,16.4254207611084,24.574853897094727,9.90536880493164,39636,PSLV R/B,2014-017B,ROCKET BODY,IND,2014-04-04,Other,HEO,48.40255465286418,0.04033937815950139,1,59088.35745635808,-5.128604924655519,8934.829671181893,8279.191996328227,80.82645579226164,19.0397,298.7637773916467,19908.775969575785,350.97067826436273,10.717260070953955,1.5209383964538574,1,59088.35430439815,59088.35856654245,spacetrack
115,20200916020,59108.386278935184,607.7280883789062,14.458264350891113,-0.36595216393470764,14.394098281860352,-0.3851566016674042,14.525860786437988,-0.3457214832305908,495.1249694824219,73.33779907226562,2880.75,4,16.515146255493164,25.163911819458008,6.6583757400512695,15561,BRAZILSAT 1,1985-015B,PAYLOAD,BRAZ,1985-02-08,Other,GEO,5.281874459137725,0.005998648860412459,1,59108.3933343624,0.015328684297855943,37003.61385562037,35976.638690797314,15.035659214408295,15.1906,35974.18267578729,36008.781705185036,1446.5769488927579,13.132394630347392,1.3798049688339233,1,59108.386278935184,59108.39331712228,spacetrack
116,20200918012,59110.10123611111,487.8468933105469,244.8538055419922,47.81454086303711,244.80247497558594,47.92280960083008,244.90121459960938,47.714542388916016,786.8464965820312,162.33895874023438,2087.0,5,16.104076385498047,24.402881622314453,9.288437843322754,15292,COSMOS 1598,1984-100A,PAYLOAD,CIS,1984-09-13,Cosmos,LEO,44.1424766304749,0.008580141619489723,1,59110.105437091435,6.22546946676448,1214.0849503031818,977.2293597797388,1188.6807698406308,82.9421,963.8991550955461,1013.8489498732015,104.88093137710653,7.626510048966775,1.3483226299285889,1,59110.10123611111,59110.106889458555,spacetrack
117,20200923014,59115.35993171296,427.8159484863281,17.057369232177734,-2.069047451019287,16.997119903564453,-1.9414929151535034,17.104755401611328,-2.1693708896636963,907.1621704101562,154.73129272460938,4008.0,7,15.924979209899902,24.93229866027832,9.900163650512695,26390,SIRIUS 1,2000-035A,PAYLOAD,US,2000-06-30,Other,MEO,20.800408530357117,0.015105079237144992,1,59115.360839544424,-0.3638929688022472,25678.179622736116,24780.3816828936,27.139667988512784,59.3821,24768.35166252397,24784.633070785785,912.102343963675,12.259577798908264,1.4744693040847778,1,59115.35993171296,59115.36488251502,spacetrack
118,20200924015,59116.285266203704,607.6023559570312,20.887969970703125,-0.07207193225622177,20.869260787963867,-0.10436245799064636,20.90916633605957,-0.03549189120531082,286.5470886230469,30.08907127380371,1073.25,2,16.61941146850586,24.196165084838867,9.210541725158691,44795,YZ-1 R/B,2019-078C,ROCKET BODY,PRC,2019-11-23,Other,MEO,17.680213141051127,0.17905195008227537,1,59116.29180315226,-26.82070623105392,23059.255700040172,22174.291026847503,31.612078127015657,55.2369,22174.69250567769,22578.020254469433,808.7573958196072,11.357821727855734,1.395257830619812,1,59116.285266203704,59116.29229465626,satchecker
119,20200925018,59117.32467361111,367.831298828125,29.50677490234375,-2.335449457168579,29.45751953125,-2.4769506454467773,29.54144859313965,-2.235837697982788,919.0060424804688,19.17737579345703,1990.5,4,16.419445037841797,24.666851043701172,10.026558876037598,27620,SL-12 R/B(2),2002-060D,ROCKET BODY,CIS,2002-12-25,Other,MEO,18.15667548076476,0.03804515244960527,1,59117.32822486943,-2.4201899733161554,19972.49849631782,19109.00953734483,39.06203065096387,65.8664,19093.916824711792,19110.769613005745,674.6384538737111,11.59875408444738,1.4001216888427734,1,59117.32467361111,59117.32893023434,spacetrack
120,20200925023,59117.4167962963,487.765869140625,32.24476623535156,2.1839041709899902,32.15676498413086,2.159402370452881,32.377986907958984,2.2209956645965576,826.13623046875,74.43083190917969,2566.75,5,17.077890396118164,25.601348876953125,6.2030205726623535,19772,INTELSAT 515,1989-006A,PAYLOAD,ITSO,1989-01-27,Other,GEO,2.938207912723101,0.0043126693067847555,1,59117.421935177284,0.7887536711641587,36986.927014728106,36043.33959791428,15.03826371249301,15.0346,36019.01952688083,36216.38719857269,1453.0458965030323,13.569645714846775,2.246899127960205,1,59117.4167962963,59117.42244443491,spacetrack
121,20201014018,59136.192130787036,368.1681213378906,10.277235984802246,-1.456141710281372,10.180373191833496,-1.4935660362243652,10.375215530395508,-1.4182859659194946,751.754150390625,68.86904907226562,4639.25,8,16.110509872436523,25.276630401611328,7.619716644287109,21046,SL-12 R/B(2),1990-102D,ROCKET BODY,CIS,1990-11-23,Other,GEO,14.41535384020085,3.9949950518630573,1,59136.19625801886,0.21602800878463313,37669.52025384702,36526.37084273374,14.699744828282078,15.412899999999999,36402.66218547848,36546.939449789286,1471.3994885170143,13.26964545662334,1.4080513715744019,1,59136.192130787036,59136.19639466879,spacetrack
122,20201018025,59140.34165393518,367.7492370605469,33.0187873840332,-0.9968081116676331,32.89762496948242,-1.0047390460968018,33.13844680786133,-0.9889758229255676,868.6953735351562,86.25448608398438,2784.5,5,15.075333595275879,23.68720054626465,29.31694984436035,,,,,,,,,,,,,,,,,,,,,,1.9021086692810059,1,59140.34165393518,59140.34591202849,
123,20201111019,59164.199100694444,367.7242431640625,36.43476867675781,-1.5937902927398682,36.38761520385742,-1.6065096855163574,36.48207092285156,-1.5810315608978271,352.07244873046875,74.89923858642578,2308.75,4,16.736080169677734,25.14452362060547,7.855620861053467,20762,THOR 1 (MARCOPOLO 2),1990-074A,PAYLOAD,NOR,1990-08-18,Other,GEO,2.815556755729176,0.08019078691613402,1,59164.20099041266,0.8332359467167407,37153.781418268685,36091.536118047545,14.942487656831267,13.4914,36080.86162488615,36094.80744928212,1451.5142236701167,13.119755809363603,1.7342382669448853,1,59164.199100694444,59164.203365745336,spacetrack
124,20201111022,59164.253113425926,428.0548095703125,22.444942474365234,1.084017038345337,22.404863357543945,1.0726397037506104,22.494903564453125,1.0981996059417725,336.8992614746094,74.14968872070312,1459.0,3,17.84029197692871,25.750429153442383,3.8176214694976807,22880,GORIZONT 28,1993-069A,PAYLOAD,CIS,1993-10-28,Other,GEO,1.7802438361229633,0.00019943184457815732,1,59164.255333784866,-7.67656785773579,36854.914864544655,35963.823505838416,15.05861717380716,14.8783,35828.0985470807,36096.48604763319,1445.0823111357954,13.717258108064025,1.9097872972488403,1,59164.253113425926,59164.258068861076,spacetrack
125,20201113018,59166.25877199074,367.899169921875,25.065942764282227,0.868324875831604,25.03598976135254,0.8643953800201416,25.092321395874023,0.8717856407165527,204.50228881835938,82.52488708496094,1276.0,2,16.031139373779297,23.795766830444336,19.06473731994629,25349,TITAN 4B CENTAUR R/B,1996-026B,ROCKET BODY,US,1996-04-24,Other,HEO,3.9977923389642456,0.07969718681280824,1,59166.260095976104,2.4569748176727444,35419.86254545705,34497.91889903515,16.283637205309898,8.3263,34095.21049489869,37878.58589222309,1446.3421960663288,11.677678148053143,1.6953768730163574,1,59166.25877199074,59166.26302198169,spacetrack
126,20201113020,59166.292072916665,367.9825744628906,35.757957458496094,1.4292885065078735,35.62689208984375,1.4337223768234253,35.8874626159668,1.4249073266983032,938.300537109375,91.93817901611328,1930.25,4,16.270105361938477,24.48413848876953,12.287545204162598,7229,COSMOS 637,1974-017A,PAYLOAD,CIS,1974-03-26,Cosmos,GEO,4.957098051283992,0.09629718269474097,1,59166.293686786674,-7.64439752016915,36607.528103209515,35670.815061955516,15.193845076541956,5.9714,35469.37567886885,35817.153184846786,1428.78044440906,12.441260663157834,1.5358362197875977,1,59166.292072916665,59166.296330431054,spacetrack
127,20201114012,59167.09088425926,368.3387451171875,8.95421028137207,1.2785696983337402,8.886762619018555,1.2932486534118652,9.05321979522705,1.2570219039916992,613.1279907226562,102.2810287475586,1527.75,3,13.713727951049805,21.673858642578125,97.45447540283203,14051,DELTA 1 R/B(1),1983-041B,ROCKET BODY,US,1983-04-28,Other,MEO,27.522288478297696,0.06934451679614995,1,59167.093688104185,-3.0638282577856444,2354.7000769532174,1977.690734802637,510.7780595229052,25.339,394.11541952536845,2049.5801495732667,109.89517954326814,5.8145687303225735,1.7701048851013184,1,59167.09088425926,59167.09515045633,spacetrack
128,20201115013,59168.19503472222,487.7319030761719,10.525168418884277,-1.55049467086792,10.403498649597168,-1.5586259365081787,10.638944625854492,-1.5428909063339233,849.185546875,86.17517852783203,2408.5,6,14.23985481262207,22.69422149658203,64.86349487304688,40946,MORELOS 3,2015-056A,PAYLOAD,MEX,2015-10-02,Other,GEO,3.301626813481562,0.031279435086133844,1,59168.196185428584,-8.830133226758335,36703.0813965019,35787.89306086833,15.063906865450795,4.5862,35784.534430027175,35788.94487591587,1436.1041939867205,10.660668017372924,2.5353269577026367,1,59168.19503472222,59168.20067360207,spacetrack
129,20201117021,59170.25613657408,367.6829528808594,32.271636962890625,-1.0571181774139404,32.16001892089844,-1.054383635520935,32.38833999633789,-1.0599772930145264,822.0584716796875,91.40365600585938,2758.25,5,16.062408447265625,24.66399383544922,13.331242561340332,22850,ARIANE 44L+ DEB,1992-021E,DEBRIS,FR,1992-04-15,Other,HEO,7.631268111919098,0.008000210561675658,1,59170.259061840465,-6.917396302102134,36531.34174296197,35590.484694328996,7.251276218010312,3.7184,893.6533720673497,35582.21285209535,640.6012142044387,13.424247025526672,1.4901376962661743,1,59170.25613657408,59170.260391196,spacetrack
130,20201118012,59171.18199884259,367.7738342285156,9.264945983886719,-1.6447370052337646,9.111566543579102,-1.6552616357803345,9.376883506774902,-1.6370559930801392,956.9970703125,86.072998046875,1966.25,3,14.645037651062012,22.879135131835938,54.72050476074219,40946,MORELOS 3,2015-056A,PAYLOAD,MEX,2015-10-02,Other,GEO,7.662257049082655,0.00970138967223022,1,59171.18443229458,-10.041672657884192,36706.622246394705,35786.73786929992,15.062862597896014,4.5814,35784.524289589965,35788.56366583602,1436.0941971681937,10.845656336812787,1.7743041515350342,1,59171.18199884259,59171.18625288702,spacetrack
131,20201118015,59171.23456712963,368.3457336425781,26.722511291503906,-1.739004373550415,26.614160537719727,-1.7098748683929443,26.818050384521484,-1.7646894454956055,759.7381591796875,105.05447387695312,2579.75,5,16.312604904174805,24.841548919677734,11.074882507324219,44670,ATLAS 5 CENTAUR DEB,2018-079AG,DEBRIS,US,2018-10-17,Other,HEO,7.7511475851281375,0.18920805429154086,1,59171.23471125585,-4.9191444088937715,32350.700749385553,31432.189836365007,13.380361339731685,11.2721,8806.375803714564,34922.611120284426,787.2585742422477,12.936669985420403,1.7168689966201782,1,59171.23456712963,59171.23883425529,spacetrack
132,20201212028,59195.39596064815,547.8821411132812,149.84249877929688,2.852954149246216,149.78651428222656,2.877476215362549,149.89292907714844,2.830873727798462,417.772216796875,113.67694854736328,1621.75,3,16.984386444091797,25.00934600830078,7.661974906921387,23229,OPTUS B3 PKM,1994-055C,ROCKET BODY,AUS,1994-08-27,Other,HEO,35.13469539703351,0.7279377172121855,1,59195.40865062402,2.292306195711717,29299.972767632185,28241.28771545817,10.268498677333737,24.061,412.15045143386396,38040.46532273889,679.5676962191199,13.391869464803529,1.7603510618209839,1,59195.39596064815,59195.40230091449,spacetrack
133,20201213015,59196.15027430555,427.623779296875,15.499909400939941,1.033989429473877,15.361862182617188,1.0039324760437012,15.607802391052246,1.0574809312820435,905.9884643554688,77.71479034423828,4185.75,7,14.763041496276855,23.817474365234375,34.59153366088867,26609,AMSAT OSCAR 40,2000-072B,PAYLOAD,GER,2000-11-16,Other,HEO,2.190616559011005,0.4300690177270212,1,59196.150944911176,5.611228453286458,59610.79066377396,58646.765560416374,2.6072545184095874,9.1843,1110.6672642869153,58710.58011288013,1146.6157401532403,13.688306772087516,2.3967251777648926,1,59196.15027430555,59196.15522480173,spacetrack
134,20201214008,59197.0806875,488.1241149902344,31.490278244018555,1.37434983253479,31.469266891479492,1.3745207786560059,31.519540786743164,1.3741117715835571,180.94479370117188,90.46627044677734,872.25,2,15.494854927062988,22.846458435058594,37.31017303466797,11567,SL-12 R/B(2),1974-017F,ROCKET BODY,CIS,1974-03-26,Other,GEO,2.5859938681946915,0.28938175787826026,1,59197.08215152589,-2.2750240798923187,36619.18132095755,35548.22194508143,15.270460044535282,5.7457,35377.553278693915,35786.758427149776,1425.6649249232473,10.798117702830162,2.366452217102051,1,59197.0806875,59197.086335340144,spacetrack
135,20201214025,59197.470386574074,367.4501037597656,186.78831481933594,54.43815231323242,186.69105529785156,54.38896942138672,186.89697265625,54.49310302734375,571.3134765625,48.99012756347656,2000.75,4,15.989388465881348,24.24237060546875,24.411035537719727,22079,ARIANE 42P R/B,1992-052D,ROCKET BODY,FR,1992-08-10,Other,LEO,2.9527649304839088,0.029877853693967893,1,59197.47141596197,-2.0649750221637078,1605.3744077345093,1354.5150844014288,799.1035152989516,66.0653,1300.775568549554,1399.2460568659144,112.68670796533304,7.8971535598707945,1.8558546304702759,1,59197.470386574074,59197.47464931,spacetrack
136,20201216027,59199.417337962965,368.0916442871094,171.22225952148438,53.656131744384766,171.20303344726562,53.67557144165039,171.23936462402344,53.63884353637695,153.2633056640625,149.6192169189453,838.25,2,16.024673461914062,23.333106994628906,23.440410614013672,38100,BREEZE-M DEB (TANK),2012-011C,DEBRIS,CIS,2012-03-25,Other,HEO,12.379718180471855,0.5880420826589159,1,59199.41870875455,0.6034529512398876,6560.335269912311,5909.0712565086915,143.92084059000416,50.7369,357.0840532048787,14221.876598129174,265.0323276402518,8.849088782870961,1.8320807218551636,1,59199.417337962965,59199.42160099454,spacetrack
137,20201219026,59202.47249768519,487.6746826171875,193.26690673828125,54.987281799316406,193.10464477539062,55.01308822631836,193.39942932128906,54.96620178222656,631.8358764648438,105.494140625,2775.0,4,15.232242584228516,23.84039878845215,36.03399658203125,39362,BREEZE-M DEB (TANK),2013-058C,DEBRIS,CIS,2013-10-25,Other,HEO,9.331577742892705,0.002369970696960877,1,59202.47286213786,1.6473430845653638,15513.486804959772,14595.568382238263,34.38463376562348,49.5588,304.5285853572814,14862.248031126213,273.6269935218125,10.91077967837261,2.4956271648406982,1,59202.47249768519,59202.478139178806,spacetrack
138,20210108011,59222.0735,367.5749206542969,12.001969337463379,2.3899457454681396,11.974937438964844,2.460813045501709,12.029572486877441,2.317579746246338,551.817626953125,159.13771057128906,1733.25,3,15.298934936523438,23.396087646484375,26.872039794921875,21798,DMSP 5D-2 F11 (USA 73),1991-082A,PAYLOAD,US,1991-11-28,Other,LEO,49.100463529538274,0.0945304657994086,1,59222.07394525129,3.508686480112374,985.8162458467386,844.433768064554,1482.3342693273732,98.8893,827.667966038267,846.0301004028133,101.65126594220628,6.380013219270653,1.290759801864624,1,59222.0735,59222.07775752251,spacetrack
139,20210113030,59227.45049537037,488.0415954589844,150.6944580078125,2.781780481338501,150.57568359375,2.793447971343994,150.81646728515625,2.7697951793670654,869.9473266601562,95.61708068847656,2303.5,4,15.241820335388184,23.647790908813477,31.251291275024414,,,,,,,,,,,,,,,,,,,,,,2.3702430725097656,1,59227.45049537037,59227.45614756669,
140,20210117027,59231.44006712963,547.8580932617188,150.6680450439453,2.7430660724639893,150.53045654296875,2.755026340484619,150.80796813964844,2.7309043407440186,1001.653564453125,94.97352600097656,3257.5,6,14.488219261169434,23.270429611206055,53.93525695800781,,,,,,,,,,,,,,,,,,,,,,2.517184019088745,1,59231.44006712963,59231.44639872601,
141,20210123028,59237.482407407406,427.375244140625,231.97286987304688,53.235294342041016,231.9273681640625,53.1306266784668,232.02500915527344,53.35519790649414,835.3797607421875,14.585370063781738,1528.25,4,16.990751266479492,24.951236724853516,10.034123420715332,12091,COSMOS 1226,1980-099A,PAYLOAD,CIS,1980-12-10,Cosmos,LEO,18.903541802973223,0.03994388360260359,1,59237.48675024809,-1.7389692622236907,1142.0658978709814,956.2455895572648,1240.326151074159,82.9405,958.2591955868556,1008.5946112576958,104.76462981326023,8.128688159411194,2.1291072368621826,1,59237.482407407406,59237.48735705411,spacetrack
142,20210125013,59239.48760300926,727.5750122070312,239.35140991210938,53.36565399169922,239.2801513671875,53.219825744628906,239.4082794189453,53.48201370239258,983.1761474609375,16.257095336914062,2234.5,6,16.286855697631836,24.659807205200195,14.255419731140137,23318,SL-14 R/B,1994-066B,ROCKET BODY,CIS,1994-10-11,Other,LEO,48.17186215224183,0.20412115365539307,1,59239.49154276181,0.5662283821147867,781.4067794302019,631.8192002231444,1831.080920523156,82.5403,617.181380059561,648.4572472527816,97.37005957435632,7.414328384589414,3.0417630672454834,1,59239.48760300926,59239.49603792374,spacetrack
143,20210209022,59254.36094212963,427.658203125,149.43701171875,1.9604755640029907,149.3404998779297,1.9600125551223755,149.55760192871094,1.9610542058944702,781.1424560546875,89.72493743896484,2024.25,4,17.232213973999023,25.497875213623047,6.045315265655518,25515,AFRISTAR,1998-063A,PAYLOAD,US,1998-10-28,Other,GEO,9.439738059512592,0.018968497488472735,1,59254.36492041233,3.5006570310797542,37045.87924459735,36155.28415122988,14.900984165054034,5.9763,36128.65277837205,36162.24641020154,1454.4692050992478,13.476127593832285,1.39662766456604,1,59254.36094212963,59254.36588571131,spacetrack
144,20210209027,59254.44540856482,427.6908264160156,236.75411987304688,52.675498962402344,236.68661499023438,52.593570709228516,236.8849639892578,52.834312438964844,968.7979736328125,26.544343948364258,1714.5,4,15.87315845489502,23.9585018157959,23.840248107910156,16144,SL-14 R/B,1985-094G,ROCKET BODY,CIS,1985-10-09,Other,LEO,23.992844115593925,0.11477996960702086,1,59254.44961883862,-0.19415100436890498,1717.778702181327,1450.198933281381,792.8283120279417,82.6088,1415.2635083202795,1473.1064355848803,114.75274822611833,7.62184493528339,1.9925798177719116,1,59254.44540856482,59254.45035879291,spacetrack
145,20210209028,59254.463908564816,367.3663330078125,242.5912322998047,52.88798141479492,242.55479431152344,52.885353088378906,242.6275177001953,52.89059829711914,159.10682678222656,83.1850357055664,1229.0,2,17.758241653442383,25.482120513916016,5.194764137268066,28632,SL-12 R/B(AUX MOTOR),2005-010D,ROCKET BODY,CIS,2005-03-29,Other,HEO,33.72407005024911,0.19736899305821964,1,59254.466199928655,1.9533821957884356,8256.41426067302,7546.425214172187,120.54550509343166,47.3676,241.76956555443394,14788.076307805512,271.6167199262728,11.190534441066385,1.818650484085083,1,59254.463908564816,59254.468161464836,spacetrack
146,20210303016,59276.17736111111,428.0826110839844,150.1200714111328,2.25414776802063,150.01539611816406,2.2582383155822754,150.2294158935547,2.249875068664551,770.450439453125,92.23955535888672,2087.25,4,15.78924560546875,24.08818244934082,15.258378028869629,33491,DELTA 4H R/B,2009-001B,ROCKET BODY,US,2009-01-18,Other,HEO,3.6896659183298652,0.05168686129124467,1,59276.181851846086,7.157999066810589,37939.80570982126,36723.408104495706,14.596413202624428,6.5919,35838.58123265439,38182.57845233341,1499.080345438914,12.088857040011343,2.493565320968628,1,59276.17736111111,59276.18232059479,spacetrack
147,20210304018,59277.19604398148,426.907470703125,149.8450164794922,1.6346232891082764,149.7721405029297,1.654903531074524,149.90077209472656,1.6191062927246094,480.50335693359375,105.55703735351562,2339.0,4,16.444995880126953,24.867572784423828,9.056127548217773,19931,SL-12 R/B(2),1989-030D,ROCKET BODY,CIS,1989-04-14,Other,GEO,0.9882480718431452,0.05543996933600681,1,59277.19990226833,-2.0234627643367276,37371.81734493903,36393.33515897509,14.816564627156147,14.887700000000002,36391.620547264676,36525.57100440071,1470.5649423383825,12.851993268426606,1.8621143102645874,1,59277.19604398148,59277.200983794035,spacetrack
148,20210306018,59279.30521064815,367.6379699707031,150.07525634765625,2.63523006439209,150.06736755371094,2.637298345565796,150.0833282470703,2.6331188678741455,59.31023406982422,104.69588470458984,633.0,1,18.08761978149414,25.091129302978516,4.164794445037842,22115,SL-12 R/B(2),1992-059D,ROCKET BODY,CIS,1992-09-10,Other,GEO,1.3662908915989647,0.5289884327037697,1,59279.30638394241,-2.4028793244506232,36900.574107477216,35964.3770385801,15.106946677245773,14.9684,35875.83707902556,35968.61022562183,1443.031477236434,13.054477948775158,2.126339912414551,1,59279.30521064815,59279.30946545269,spacetrack
149,20210308015,59281.22860069444,428.3148193359375,184.50247192382812,53.39680099487305,184.4203338623047,53.495609283447266,184.5970001220703,53.28308868408203,853.9027099609375,153.63475036621094,2929.0,7,16.941770553588867,25.60856819152832,6.978780746459961,37939,FREGAT R/B,2011-071B,ROCKET BODY,CIS,2011-11-28,Other,MEO,13.4053686736479,0.012596211405877966,1,59281.22960755539,-1.9028341335360892,20262.416149873865,19279.275280351456,36.941237568559536,65.9856,19266.439192484497,19654.623814835584,688.913785042365,12.601081014132452,2.1187028884887695,1,59281.22860069444,59281.233559873646,spacetrack
150,20210315017,59288.43628125,667.1658325195312,195.49777221679688,54.89024353027344,195.35989379882812,54.84734344482422,195.63330078125,54.93241882324219,643.6212158203125,61.5842399597168,2130.0,4,15.493927001953125,23.814876556396484,28.146120071411133,28661,BREEZE-M DEB (TANK),2005-019C,DEBRIS,CIS,2005-05-22,Other,HEO,193.1338223114608,0.05425544831283702,1,59288.440499683355,6.465707279741764,7361.850427992561,6786.72571323676,138.3199772536955,49.2063,292.5202160915096,20832.569202605708,365.72611898604674,9.373954371394063,2.862022638320923,1,59288.43628125,59288.444000570365,spacetrack
151,20210318013,59291.220042824076,367.9827575683594,189.68280029296875,55.87215805053711,189.6243896484375,55.936641693115234,189.74807739257812,55.800071716308594,551.48193359375,153.0636749267578,2379.75,6,16.205623626708984,24.64695167541504,14.527398109436035,14977,COSMOS 1554 (GLONASS),1984-047A,PAYLOAD,CIS,1984-05-19,Cosmos,MEO,11.174683671174535,0.016333550753103054,1,59291.22424926172,-1.7805404622922651,20097.369921157733,19136.50968979346,37.19455233485149,66.4979,19087.61347018546,19172.422978024966,675.7378656273294,11.632044258385669,1.5214210748672485,1,59291.220042824076,59291.224307018776,spacetrack
152,20210409008,59313.13045138889,368.3739318847656,179.39453125,54.3138427734375,179.34255981445312,54.232425689697266,179.4921875,54.46677780151367,900.2861938476562,20.42732810974121,1971.75,5,14.799983024597168,23.037111282348633,42.832366943359375,5398,RIGIDSPHERE 2 (LCS 4),1971-067E,PAYLOAD,US,1971-08-07,Other,LEO,45.76043372324534,0.12494528442397268,1,59313.132714116124,5.125179333379492,886.786556601788,731.8187999297497,1598.4505710747212,87.623,732.5631547875191,824.3709082889045,100.41995702738542,5.939155253513334,1.9656939506530762,1,59313.13045138889,59313.13471642706,spacetrack
153,20210411028,59315.39806597222,367.8167724609375,205.0128631591797,52.944820404052734,204.92420959472656,52.86991500854492,205.10121154785156,53.01947784423828,661.3192138671875,35.49491882324219,951.75,2,18.641860961914062,26.08816909790039,3.241759777069092,17328,MOLNIYA 3-31,1987-008A,PAYLOAD,CIS,1987-01-22,Other,HEO,10.211199167423501,0.8540971795516725,1,59315.398679129634,2.9624254132504575,34752.062735576415,33852.77484224695,9.226546188864022,63.7787,2206.532835226815,38156.24651187747,717.9433507596797,14.586860908094119,1.8580286502838135,1,59315.39806597222,59315.40232407188,spacetrack
154,20210413014,59317.24834143519,667.7966918945312,231.1045684814453,50.04446029663086,230.96029663085938,50.067840576171875,231.22763061523438,50.02452087402344,637.451416015625,104.16168975830078,2120.0,4,16.453161239624023,24.769001007080078,12.803714752197266,26858,ATLAS 2AS CENTAUR R/B,2001-026B,ROCKET BODY,US,2001-06-19,Other,MEO,8.192016224182908,0.028693993849060462,1,59317.251285029335,-1.5749552354682237,10935.53631511851,10077.400074319845,84.07724178686121,44.8972,9806.824620092155,10113.672534379506,346.39639357477415,10.86859538511489,3.068535327911377,1,59317.24834143519,59317.25607945393,spacetrack
155,20210502012,59336.12925925926,427.8993225097656,201.92393493652344,55.9919548034668,201.91293334960938,55.95173263549805,201.9376983642578,56.04225540161133,329.6785583496094,8.699763298034668,1060.5,3,14.915119171142578,22.47889518737793,62.64561080932617,23342,RESURS O1,1994-074A,PAYLOAD,CIS,1994-11-04,Other,LEO,67.37106126013828,0.10457733428639848,1,59336.1326307582,6.564898062322754,769.2859430772352,628.0671528595149,1914.760945981628,97.8822,629.5403798342377,632.826348283309,97.3359807863911,5.184900083975974,1.8479573726654053,1,59336.12925925926,59336.13421509283,spacetrack
156,20210502013,59336.147655092595,427.7469482421875,208.98098754882812,55.134132385253906,208.88966369628906,55.03108596801758,209.06112670898438,55.22452926635742,780.6925048828125,26.871309280395508,1771.5,4,15.922087669372559,24.042940139770508,19.341365814208984,20741,SL-14 R/B,1990-070G,ROCKET BODY,CIS,1990-08-08,Other,LEO,9.937028296252493,0.1463952168070186,1,59336.15042440796,6.8509879824123345,1724.2730800929057,1446.910500138977,778.1988540144009,82.5771,1413.684790079671,1467.8259144348413,114.67728816841392,7.726504726706823,2.0097951889038086,1,59336.147655092595,59336.15260390112,spacetrack
157,20210508009,59342.40350810185,607.9686889648438,273.33538818359375,66.88465881347656,273.2088623046875,66.85613250732422,273.46466064453125,66.91380310058594,416.8858642578125,60.131591796875,1524.25,3,17.842885971069336,25.800525665283203,3.0749640464782715,47112,FREGAT DEB,2011-037NH,DEBRIS,CIS,2011-07-18,Other,MEO,57.43323027095926,1.5047203724203015,0,59342.41478923689,-4.265784195566084,1398.6091312858143,1168.3380318138043,950.7039402468333,51.4033,447.4944736496791,3487.460624237907,126.4582180335162,9.266703878586945,2.8431615829467773,1,59342.40350810185,59342.41054050474,spacetrack
158,20210518020,59352.37589351852,487.7823791503906,270.0851745605469,66.95494842529297,270.0290832519531,66.9752426147461,270.1256408691406,66.94031524658203,185.2983856201172,132.73741149902344,634.0,2,14.526117324829102,21.531339645385742,77.60063171386719,46017,FREGAT DEB,2011-037HU,DEBRIS,CIS,2011-07-18,Other,MEO,250.53448073875302,4.92769367143265,1,59352.39247326324,4.144711884437129,1137.2542484351738,942.4539874044222,1305.6476717158903,51.362,364.7548146651852,2982.2888722053503,119.83608600456806,4.653066105924076,2.411562442779541,1,59352.37589351852,59352.38154223887,spacetrack
159,20210608011,59373.270125,428.2300720214844,213.84730529785156,53.92251205444336,213.6886749267578,53.85547637939453,214.00340270996094,53.98847198486328,821.2225952148438,54.337249755859375,2485.25,5,15.972907066345215,24.461332321166992,14.37457275390625,41329,ATLAS V CENTAUR R/B,2016-007B,ROCKET BODY,US,2016-02-05,Other,MEO,1.8386660670671517,0.6743887915372824,1,59373.28492016372,2.0406352801364847,22150.567542299897,21094.38793447845,31.89352395361035,55.1988,20605.73614572927,21364.685911174412,750.7814500902624,11.61336663645438,1.674722671508789,1,59373.270125,59373.275074453144,spacetrack
160,20210616017,59381.26749074074,367.5135803222656,268.01348876953125,67.30540466308594,267.6446533203125,67.29090118408203,268.1888122558594,67.31229400634766,759.7432861328125,84.18220520019531,2492.25,5,16.4287166595459,24.920196533203125,7.436811923980713,11896,MOLNIYA 3-13,1980-063A,PAYLOAD,CIS,1980-07-18,Other,HEO,6.291461247809593,0.2560866071147814,1,59381.267715584596,4.1920615376438946,38494.33649625674,37355.293884778046,6.770507225254416,62.6281,1468.205594974048,38878.798174995405,717.6235465681268,13.754933289459476,1.51558256149292,1,59381.26749074074,59381.27173899707,spacetrack
161,20210616018,59381.28330902778,367.306884765625,268.5439453125,67.037353515625,268.4893493652344,66.92545318603516,268.59075927734375,67.13325500488281,761.498046875,10.7774076461792,1342.25,5,15.955227851867676,23.774810791015625,14.977642059326172,12880,SL-14 R/B,1981-098B,ROCKET BODY,CIS,1981-09-30,Other,LEO,10.020331117175374,0.061893626580982186,1,59381.284575178724,-5.679284693207592,1769.1172296276732,1486.6435857423985,722.3198680645181,82.60130000000001,1488.0747790971318,1501.0552869115481,115.86313794279961,7.539278114695945,1.5249680280685425,1,59381.28330902778,59381.287559019445,spacetrack
162,20210616021,59381.334273148146,487.9241638183594,271.5474548339844,67.16570281982422,271.4126281738281,67.1876220703125,271.6625671386719,67.14698791503906,378.5782775878906,112.72972869873047,1503.5,3,16.488473892211914,24.431232452392578,9.1761474609375,10155,SL-6 R/B(2),1977-054D,ROCKET BODY,CIS,1977-06-24,Other,HEO,24.51682424241426,0.10683691909981974,1,59381.33769737798,22.970895315462258,32824.08282181685,31717.19727761012,9.490257103983,62.996700000000004,939.2171784866086,32296.713181768973,578.4169592238055,12.89932816072762,1.6639108657836914,1,59381.334273148146,59381.33991839959,spacetrack
163,20210708011,59403.18871412037,427.1083068847656,268.0285949707031,67.27155303955078,267.7791748046875,67.18011474609375,268.2582092285156,67.3557357788086,918.4934692382812,46.50098419189453,3007.75,5,15.718565940856934,24.41417121887207,12.471212387084961,13874,SSC,1983-008H,PAYLOAD,US,1983-02-09,Other,LEO,176.5242725834412,0.5986920949087846,1,59403.19005596857,-6.915761271142401,854.2643091629014,688.602484195555,1607.7509067069252,63.2917,376.77089115060244,1712.2340066245806,106.0711073346065,7.309914004535738,1.447084665298462,1,59403.18871412037,59403.19365972137,spacetrack
164,20210710009,59405.16726388889,367.3740234375,209.96253967285156,54.314735412597656,209.940673828125,54.19358825683594,209.98191833496094,54.42212677001953,827.2821655273438,6.009214878082275,1631.5,5,15.79525089263916,23.826719284057617,23.57115936279297,13874,SSC,1983-008H,PAYLOAD,US,1983-02-09,Other,LEO,165.64263515679158,0.643646893983381,1,59405.1786498322,-1.8587040266138501,851.406967819771,700.7504717542961,1794.1337897037351,63.29140000000001,376.81713554894486,1712.157260658918,106.07078042923946,6.603372157079583,1.2593187093734741,1,59405.16726388889,59405.17151010789,spacetrack
165,20210730015,59425.17265393519,427.6996765136719,230.85841369628906,50.64653015136719,230.85049438476562,50.65381622314453,230.86582946777344,50.63970184326172,61.69913864135742,145.4500732421875,500.25,1,18.501853942871094,25.24982261657715,3.7961604595184326,19905,COSMOS 2011,1989-025D,PAYLOAD,CIS,1989-03-24,Cosmos,LEO,31.335058760782886,0.14109143776826727,1,59425.17366650866,1.8342536443378776,1692.2505951628555,1468.571866335541,789.8482967403309,74.0099,1438.7146160234315,1472.135717118089,115.0001760620751,8.917253104217554,1.4482671022415161,1,59425.17265393519,59425.17759547884,spacetrack
166,20210730017,59425.20744675926,367.7249450683594,241.9811553955078,50.75587463378906,241.9296112060547,50.88937759399414,242.02593994140625,50.63984680175781,924.6992797851562,166.276123046875,1810.5,4,16.09503173828125,24.23952865600586,19.077533721923828,23179,NADEZHDA 4,1994-041A,PAYLOAD,CIS,1994-07-14,Other,LEO,25.789555157325594,0.061610092123942195,1,59425.21028512314,-5.189207057759631,1119.1308249669696,947.442604796619,1283.1788296020966,82.9454,949.5495554790123,1002.5733117654281,104.60743878185806,7.380100729539015,1.5511542558670044,1,59425.20744675926,59425.211706894486,spacetrack
167,20210807013,59433.13959143519,547.249267578125,229.50180053710938,52.50242614746094,229.39059448242188,52.60173416137695,229.61520385742188,52.401153564453125,873.8881225585938,145.72055053710938,2065.0,4,13.167159080505371,21.454458236694336,62.62064743041992,8136,THORAD DELTA 1 DEB,1974-089E,DEBRIS,US,1974-11-15,Other,LEO,10.824432256333694,0.04446742992661257,1,59433.141020194416,4.942630444478709,1546.051446248838,1344.4553674389426,889.3058091103729,101.1804,1345.4842573691358,1461.3249246446203,113.85655189306878,4.993122030406692,1.7309032678604126,1,59433.13959143519,59433.14592591661,spacetrack
168,20210807024,59433.38833912037,727.7490844726562,16.13665771484375,1.3669389486312866,16.12729835510254,1.3264555931091309,16.148357391357422,1.4175359010696411,336.5351257324219,13.015644073486328,1430.25,3,17.871049880981445,25.759578704833984,3.789320945739746,5907,SL-8 R/B,1972-019B,ROCKET BODY,CIS,1972-03-25,Other,LEO,10.85275186357535,0.027131003559949463,1,59433.395274170995,-5.538827031094115,1380.9104661266224,1161.193394301009,1006.5268547465323,82.9736,1159.5298921653257,1192.3886915159737,108.90136725122078,9.163806988490297,2.337372303009033,1,59433.38833912037,59433.396760408614,spacetrack
169,20210808013,59434.155447916666,428.1746826171875,234.18844604492188,53.25669479370117,234.17904663085938,53.285892486572266,234.20166015625,53.21562576293945,257.59906005859375,169.1049346923828,464.75,2,18.689069747924805,25.357118606567383,3.085341453552246,22969,METEOR 3-6,1994-003A,PAYLOAD,CIS,1994-01-25,Other,LEO,26.856516201308978,1.057031441377518,1,59434.156691242075,0.149101119954139,1390.0868080978737,1189.8643722235975,1008.0552820250516,82.55970000000002,1185.5238831926254,1206.882001322204,109.33941529983812,8.759698003022965,1.765946388244629,1,59434.155447916666,59434.16039871661,spacetrack
170,20210810024,59436.41625578704,367.3658447265625,27.687114715576172,1.3966304063796997,27.655864715576172,1.281054973602295,27.720273971557617,1.5192655324935913,888.335693359375,15.126213073730469,2392.25,7,17.237953186035156,25.68497085571289,4.739945888519287,14154,HILAT,1983-063A,PAYLOAD,US,1983-06-27,Other,LEO,12.027110035728583,0.06985139375369442,1,59436.41869180437,-1.9136352711939253,951.8923430501335,789.6320183011267,1488.48300372916,82.0265,742.0022818347552,798.0022186807237,100.2418456347626,8.664400527104561,1.5440500974655151,1,59436.41625578704,59436.42052024594,spacetrack
171,20210904012,59461.11993981482,427.3159484863281,244.16055297851562,48.19272994995117,244.13690185546875,48.14379119873047,244.18179321289062,48.23670196533203,351.4027099609375,17.85591697692871,1653.25,4,15.20671272277832,23.2525577545166,39.99766540527344,45679,STARLINK-1394,2020-035Y,PAYLOAD,US,2020-06-04,Starlink,LEO,6.508576083768958,0.300585617450821,1,59461.12461857846,-6.29443860455649,654.7537198443356,542.7168609266291,2300.268139622689,53.0541,546.7049132220318,547.7354060697871,95.59227688911604,5.759403523733914,1.589289903640747,1,59461.11993981482,59461.12489003902,spacetrack
172,20210904012,59461.11993981482,427.3159484863281,244.1380615234375,48.14036560058594,244.0440673828125,48.2313346862793,244.27284240722656,48.009925842285156,968.18505859375,145.41297912597656,2161.75,5,15.930793762207031,24.267807006835938,16.692672729492188,41790,SCATSAT 1,2016-059H,PAYLOAD,IND,2016-09-26,Other,LEO,112.98783496093279,0.6567735873569802,1,59461.13170016868,-1.7830806043348275,875.5046706493528,717.0691260227122,1613.027914641946,98.3625,718.8986831747088,727.0308626346396,99.25403062329963,7.159993356185282,1.589289903640747,1,59461.11993981482,59461.12489003902,spacetrack
173,20210904012,59461.11993981482,427.3159484863281,243.96266174316406,48.05072784423828,243.94729614257812,48.078800201416016,243.9738006591797,48.030399322509766,185.54739379882812,159.89437866210938,823.5,2,16.60149574279785,23.890655517578125,14.677063941955566,48238,ONEWEB-0193,2021-031AE,PAYLOAD,UK,2021-04-25,OneWeb,LEO,19.003334028144536,0.2717878329527821,1,59461.12340396737,4.878277795622125,1388.6355050251143,1177.454074383476,1022.6539631634245,87.9212,1178.165889705906,1181.5458232169149,108.9856386240889,7.2776236201647855,1.589289903640747,1,59461.11993981482,59461.12489003902,spacetrack
174,20210904017,59461.30778935185,368.0074157714844,12.517167091369629,0.9262191653251648,12.411569595336914,0.9141157865524292,12.636520385742188,0.9398992657661438,815.020263671875,83.46053314208984,2165.75,4,16.7386474609375,25.077667236328125,6.339711666107178,48618,SBIRS GEO 5 (USA 315),2021-042A,PAYLOAD,US,2021-05-18,Other,GEO,5.760758701120494,0.007809125089352165,1,59461.3134649526,2.3741825243923813,36723.46426367997,35714.25690432894,15.17406292514988,7.8294,35695.97820250677,35716.31332697229,1431.9887105192258,13.036204199821185,1.408055067062378,2,59461.31251739502,59461.31677722436,spacetrack
175,20210907024,59464.330356481485,367.6146545410156,25.47545623779297,2.1953911781311035,25.43602752685547,2.1918840408325195,25.515045166015625,2.1989126205444336,285.3772888183594,84.9131851196289,1291.5,2,17.52051544189453,25.29825210571289,4.272397041320801,48618,SBIRS GEO 5 (USA 315),2021-042A,PAYLOAD,US,2021-05-18,Other,GEO,6.304397762619374,0.018429181104721692,1,59464.33126413286,-0.8406443643034436,36775.71821664061,35713.15779667356,15.19519386491422,7.8244,35696.23257817758,35716.66885300107,1432.0042752487634,13.255276487848931,1.4413107633590698,1,59464.330356481485,59464.33461252227,spacetrack
176,20210908022,59465.44456712963,427.9823913574219,30.831186294555664,-0.9268727898597717,30.801437377929688,-0.9347561597824097,30.855968475341797,-0.9203062057495117,203.06007385253906,75.156494140625,1207.0,2,17.103181838989258,24.807449340820312,5.82118558883667,5126,M-4S R/B,1971-011B,ROCKET BODY,JPN,1971-02-16,Other,LEO,10.7933688427579,0.06064365398115967,1,59465.45614080381,-3.458904728991911,1160.6676909608045,975.0025761310853,1161.6029754006868,29.683500000000002,968.9658454241053,986.8336538309495,104.64666404886253,8.056096357730828,1.9671618938446045,3,59465.45540032874,59465.46035285837,spacetrack
177,20210909022,59466.29003587963,428.1214904785156,13.471275329589844,2.4669909477233887,13.3685302734375,2.4222588539123535,13.537447929382324,2.495800495147705,662.71875,66.45365905761719,2197.75,4,15.100970268249512,23.455915451049805,31.0356388092041,37747,PSLV R/B,2011-034B,ROCKET BODY,IND,2011-07-15,Other,HEO,28.592448724515407,0.05196945839952605,1,59466.291881245466,0.5058640711940825,10524.775120212355,9742.092256936641,67.56417833662871,17.9744,294.86156923106773,19902.95500989085,350.815403653417,9.792915374080614,1.4674203395843506,1,59466.29003587963,59466.29498205284,spacetrack
178,20210909026,59466.36455787037,427.9402770996094,35.26047897338867,-1.0267138481140137,35.16439437866211,-1.0356234312057495,35.353416442871094,-1.0180963277816772,683.292724609375,84.70156860351562,2221.5,4,17.0958251953125,25.46244239807129,4.566103935241699,25025,TEAMSAT,1997-066C,PAYLOAD,ESA,1997-10-30,Other,HEO,2.1850529182756873,4.820342606626028,1,59466.372799930636,-2.8175608712481335,21562.711525409708,20642.77563997392,19.193821876980472,7.7739,584.5046905494846,26571.09530884854,467.59283862604156,13.165827971879503,1.4139050245285034,2,59466.36996443621,59466.37491786371,spacetrack
179,20210909027,59466.38363425926,427.5734558105469,8.525513648986816,0.3600766658782959,8.396764755249023,0.3214084506034851,8.638378143310547,0.39397379755973816,908.1739501953125,73.28274536132812,4620.25,7,15.60612964630127,24.767793655395508,12.085805892944336,41242,PSLV R/B,2016-003B,ROCKET BODY,IND,2016-01-20,Other,HEO,29.724584600199933,0.0013585035243295351,1,59466.384130965045,1.25184742215788,18628.211017580335,17851.50969555051,24.26758806522685,19.4054,343.32963209860645,20716.09584391764,364.6634382100823,12.216517432722428,1.2906215190887451,1,59466.38363425926,59466.388588534464,spacetrack
180,20210910020,59467.30969212963,368.1332092285156,21.995389938354492,1.532499074935913,21.864484786987305,1.4959681034088135,22.100496292114258,1.561830997467041,881.8179931640625,74.40215301513672,2372.25,4,16.808870315551758,25.24677276611328,5.961803913116455,22115,SL-12 R/B(2),1992-059D,ROCKET BODY,CIS,1992-09-10,Other,GEO,3.2803372244586626,0.012451828903152773,1,59467.32091075317,0.005216871213633567,36919.931595437876,35912.82224591141,15.13290355939502,14.878900000000002,35885.733271074765,35958.523564363975,1443.026603999228,13.208256425872293,1.5813299417495728,3,59467.31914067064,59467.323403995026,spacetrack
181,20210910021,59467.32652662037,427.5326843261719,26.690080642700195,1.756917953491211,26.614906311035156,1.7362271547317505,26.767894744873047,1.7783352136611938,570.985107421875,74.60408020019531,2347.5,4,17.14202308654785,25.56853675842285,5.260222911834717,20041,DFS 1,1989-041B,PAYLOAD,GER,1989-06-05,Other,GEO,3.7889820422435605,0.07063160779486566,1,59467.33053081429,-0.35928359103854746,36732.026518833605,35697.7690361837,15.26232833140419,14.765399999999998,35635.61005194195,35716.236092077605,1430.4464202750523,13.520775741618259,1.7120591402053833,1,59467.32652662037,59467.33147973597,spacetrack
182,20210910022,59467.34505671296,428.1177978515625,33.70823669433594,1.7886154651641846,33.686981201171875,1.782652735710144,33.72913360595703,1.794476866722107,157.54275512695312,74.3243637084961,1172.5,2,17.344327926635742,25.01711082458496,5.766266345977783,25048,SL-12 R/B(2),1997-070D,ROCKET BODY,CIS,1997-11-12,Other,GEO,4.891624199535727,0.20476019838370974,1,59467.352055785916,1.6233811912243254,36964.84121144199,35954.49155826121,15.113433475875189,14.8692,35890.61863577439,36042.44119736626,1445.2992620091195,12.979992841210318,1.7929368019104004,2,59467.35047180218,59467.35543244157,spacetrack
183,20210913026,59470.429444444446,427.7591857910156,24.668542861938477,2.1562795639038086,24.623842239379883,2.227447509765625,24.71390724182129,2.084057569503784,609.4655151367188,147.88450622558594,2182.75,4,15.727314949035645,24.074825286865234,18.64091682434082,32480,BREEZE-M DEB (TANK),2008-003C,DEBRIS,CIS,2008-01-28,Other,HEO,12.527688008452742,0.04173834011442068,1,59470.43874398486,7.905756106716581,24850.509054380018,23921.541181920642,17.945453909222593,45.1459,894.5094482784252,34822.38420365902,625.844996682826,11.851229454783049,1.8680723905563354,2,59470.434861112175,59470.43981449834,spacetrack
184,20210914014,59471.2614375,367.8905334472656,11.006386756896973,1.8721150159835815,10.90608024597168,1.8682138919830322,11.111520767211914,1.8762037754058838,739.7507934570312,87.7716064453125,2539.75,4,16.774991989135742,25.286968231201172,5.663354396820068,,,,,,,,,,,,,,,,,,,,,,1.6900039911270142,3,59471.27087523799,59471.27512723167,
185,20210914017,59471.31844444444,368.10791015625,27.490550994873047,1.6802092790603638,27.445816040039062,1.683166265487671,27.5546932220459,1.6759694814682007,392.6460266113281,93.78336334228516,1301.25,3,17.141138076782227,24.927040100097656,6.401182651519775,,,,,,,,,,,,,,,,,,,,,,1.8636301755905151,1,59471.31844444444,59471.32270806553,
186,20210914022,59471.415442129626,487.7421875,24.983964920043945,0.03090231865644455,24.914091110229492,0.03441057726740837,25.055286407470703,0.02732146717607975,508.9459533691406,92.874267578125,1922.75,3,13.16568660736084,21.3754940032959,139.2055206298828,7545,ATLAS CENTAUR R/B,1974-093B,ROCKET BODY,US,1974-11-21,Other,HEO,48.7657518533581,0.031319594062381384,1,59471.42969017607,0.13609703112160787,2622.8429707218097,2270.400052625394,634.6397005694713,25.7773,559.9721978147318,36454.23964097266,651.1371952853145,5.280466199458866,1.8175727128982544,3,59471.42765336552,59471.43330093016,spacetrack
187,20210915014,59472.29611689815,367.615478515625,20.25564956665039,1.1104789972305298,20.138896942138672,1.1019948720932007,20.36871910095215,1.1186953783035278,829.3887329101562,85.84302520751953,2261.5,4,14.848695755004883,23.23468780517578,32.0913200378418,42952,ARIANE 5 R/B,2017-059C,ROCKET BODY,FR,2017-09-29,Other,HEO,18.34135545972231,0.013004725795852323,1,59472.301469340375,2.6905504357418977,31293.921508905132,30281.44978258343,9.236716840109052,6.1388,269.7331347231275,35150.68980250555,620.1121116189399,11.73218379282837,1.865665316581726,2,59472.30082698328,59472.30508043855,spacetrack
188,20210915015,59472.3125162037,427.8534851074219,25.225358963012695,1.1981343030929565,25.15184783935547,1.1777191162109375,25.303695678710938,1.2198902368545532,567.2286987304688,74.4758071899414,2049.5,4,16.614986419677734,24.894105911254883,7.844071388244629,22880,GORIZONT 28,1993-069A,PAYLOAD,CIS,1993-10-28,Other,GEO,3.676019069251879,0.07968083319302366,1,59472.31482319043,0.7577564088860527,37023.99785923414,35985.021177146,15.077372867717099,14.796799999999998,35816.69399212505,36107.37619588844,1445.0691435981362,12.859582671294351,2.0011041164398193,1,59472.3125162037,59472.3174713803,spacetrack
189,20210915017,59472.350552083335,487.7817687988281,35.271854400634766,-1.3470795154571533,35.15812683105469,-1.3675137758255005,35.3670768737793,-1.329970359802246,764.0629272460938,79.81126403808594,2140.5,4,15.762826919555664,24.089115142822266,18.5176944732666,26901,ARIANE 44L R/B,2001-039B,ROCKET BODY,FR,2001-08-30,Other,HEO,12.753644385952612,0.0014313363029856419,1,59472.35915695026,1.8557002399466,28205.907046826447,27242.93229881512,11.567211736400068,7.5322,255.72389433128956,28314.628201250176,492.6739503332585,12.34233391953851,1.7808791399002075,2,59472.356659193254,59472.36231396626,spacetrack
190,20210916013,59473.37238425926,487.9333190917969,15.735268592834473,-1.909789800643921,15.679108619689941,-1.9033842086791992,15.809110641479492,-1.9182121753692627,470.7859802246094,96.51058959960938,1705.0,3,16.36998176574707,24.44929313659668,10.909078598022461,25465,SL-12 R/B(2),1998-050D,ROCKET BODY,CIS,1998-08-30,Other,HEO,19.564779594611537,0.04706907061080301,1,59473.37698451862,-0.6370639376691543,8720.08019186084,8072.374051190412,142.08533672524158,14.1013,7871.006811959476,35875.91585812181,787.6335709621995,9.979210204927089,1.652178406715393,1,59473.37238425926,59473.3780318292,spacetrack
191,20210918020,59475.43093171297,727.2241821289062,34.49171829223633,1.2948026657104492,34.39927673339844,1.2906074523925781,34.61418914794922,1.3003605604171753,774.2849731445312,87.40093994140625,2072.5,4,14.090704917907715,22.381940841674805,91.57957458496094,41623,ATLAS 5 CENTAUR R/B,2016-041B,ROCKET BODY,US,2016-06-24,Other,HEO,28.610947867008463,0.01184534289252781,1,59475.438768626766,-22.2547328886576,4641.5026612422325,4191.736295119598,304.9457887422911,19.2415,3700.348302883249,35136.578268536214,687.2320278301482,7.082675298450017,2.2678873538970947,1,59475.43093171297,59475.439346656094,spacetrack
192,20211003028,59490.34780902778,367.9696044921875,16.46902847290039,1.0049740076065063,16.384490966796875,0.9810076355934143,16.587413787841797,1.0385361909866333,759.2045288085938,74.1697006225586,3049.5,5,16.51381492614746,25.22438621520996,5.894139289855957,21805,USA 75,1991-080B,PAYLOAD,US,1991-11-24,Other,GEO,3.282848064634436,0.05226223137232466,1,59490.351018218054,-0.1388033333932981,37007.14184697674,36068.187789539996,15.000761314381574,14.902200000000002,36061.41588335812,36126.81465432208,1451.8362547689921,13.195393901331173,1.947887897491455,1,59490.34780902778,59490.352070288696,spacetrack
193,20211029012,59516.17502314815,367.123779296875,17.28237533569336,0.19564436376094818,17.186016082763672,0.16797472536563873,17.36315155029297,0.2188391387462616,663.4530029296875,73.97848510742188,2748.0,5,16.37529182434082,24.97283363342285,9.2535400390625,22041,GORIZONT 26,1992-043A,PAYLOAD,CIS,1992-07-14,Other,GEO,1.2258977340707133,0.0041917950923391345,1,59516.18265286068,-7.945389404485468,37173.676996088696,36188.731411418885,14.913366235345332,14.779200000000001,35950.150443359584,36206.059675943136,1451.0154125244878,12.950185070305654,1.5877087116241455,2,59516.17973337704,59516.18398799826,spacetrack
194,20211029014,59516.20806597222,367.7995910644531,29.26427459716797,0.3242705166339874,29.129255294799805,0.28777381777763367,29.362930297851562,0.35093802213668823,871.40380859375,74.87367248535156,1439.5,3,18.09380340576172,25.98933219909668,3.4513416290283203,20168,TVSAT 2,1989-062A,PAYLOAD,GER,1989-08-08,Other,GEO,0.9968079485418002,0.7583972521921538,1,59516.21820057301,0.1341336530749686,36871.60552274728,35915.21637626396,15.10157755910065,14.6974,35889.63922938741,35925.52288803483,1442.2822674600288,13.953067418125135,1.9041153192520142,3,59516.21748934329,59516.22174628971,spacetrack
195,20211030016,59517.24631134259,367.7500915527344,36.601497650146484,-2.3619370460510254,36.567893981933594,-2.370124101638794,36.63602828979492,-2.3535234928131104,252.263916015625,76.29607391357422,1752.75,3,16.348562240600586,24.457860946655273,11.040999412536621,23670,TELSTAR 4 (TELSTAR 402R),1995-049A,PAYLOAD,US,1995-09-24,Other,GEO,0.9666450062923104,0.08305078102981156,1,59517.25677271622,-6.5528464177041315,36738.25817559952,35793.13094683315,15.096468199056059,12.2542,35786.68609006579,35799.51457985469,1436.4291663710264,12.421964421788108,1.5169135332107544,3,59517.25574885029,59517.26000087929,spacetrack
196,20211101014,59519.18982523148,427.3903503417969,29.011737823486328,2.020108699798584,28.930686950683594,1.9965300559997559,29.082534790039062,2.0407049655914307,568.9917602539062,73.76998901367188,2225.75,4,16.67007064819336,25.038761138916016,5.337162971496582,22984,SL-12 R/B(2),1994-008D,ROCKET BODY,CIS,1994-02-05,Other,GEO,2.347428291864162,0.024136852900667805,1,59519.2054125957,-0.5104326844448224,37248.31434387913,36334.749018974486,14.912317267427646,15.520399999999999,36336.104990147986,36555.94710329745,1469.9177204368998,13.01618939889471,1.601370930671692,3,59519.20063022656,59519.2055740841,spacetrack
197,20211101016,59519.22770949074,367.4159240722656,10.55713939666748,-2.3327383995056152,10.530115127563477,-2.4223220348358154,10.582595825195312,-2.2483506202697754,654.1283569335938,16.773380279541016,4040.25,7,15.429511070251465,24.445531845092773,15.120256423950195,,,,,,,,,,,,,,,,,,,,,,1.5024604797363281,2,59519.23241823048,59519.23667863909,
198,20211105014,59523.217305555554,367.6418762207031,10.259254455566406,-2.1632142066955566,10.133750915527344,-2.1709585189819336,10.382745742797852,-2.1555938720703125,897.4476318359375,86.46642303466797,2963.5,6,14.19091796875,22.87042999267578,63.7598876953125,40946,MORELOS 3,2015-056A,PAYLOAD,MEX,2015-10-02,Other,GEO,0.761737085082359,0.01916158156333836,1,59523.22343421042,2.446793893177528,36736.024361183656,35789.46071190048,15.049089895280085,4.0436,35782.32524796347,35790.57264058298,1436.0893420300379,10.837945339531503,1.653968334197998,2,59523.22202378577,59523.226278721704,spacetrack
199,20211106018,59524.21397453704,367.4659423828125,34.517127990722656,-2.2957425117492676,34.420860290527344,-2.2762291431427,34.62166976928711,-2.3169336318969727,737.0567016601562,101.4675521850586,2478.5,4,16.074630737304688,24.560102462768555,12.657718658447266,27950,ARIANE 5 DEB (SPELTRA),2003-043D,DEBRIS,FR,2003-09-27,Other,HEO,11.334861509732264,0.01526987737125296,1,59524.21675159826,-1.8974019109737128,34005.710521484165,32977.68078025946,8.663252184062024,7.0454,663.6141793844135,35800.830073318735,640.3782956513102,13.127191286534059,2.004601001739502,1,59524.21397453704,59524.218232630694,spacetrack
200,20211107017,59525.18736111111,367.3196716308594,33.27462387084961,2.319258213043213,33.20992660522461,2.345353841781616,33.31509780883789,2.302931785583496,407.9721984863281,111.98330688476562,1509.75,3,16.89531898498535,24.842580795288086,6.951609134674072,15644,ANIK C1 R/B(PAM-D),1985-028D,ROCKET BODY,US,1985-04-12,Other,HEO,43.448523387547766,0.127111208142054,1,59525.19152486518,2.138166266551707,24525.12064892213,23594.97517925307,14.330472548584073,22.9903,328.23238054391913,30213.25105363928,528.339135255303,12.8632209348191,1.5179764032363892,1,59525.18736111111,59525.191616125456,spacetrack
201,20211107021,59525.25672453704,367.2660217285156,18.727266311645508,1.0233746767044067,18.641504287719727,1.0250732898712158,18.82083511352539,1.0215213298797607,645.6172485351562,91.1348876953125,1406.0,4,16.592636108398438,24.46259880065918,9.706137657165527,27826,BLOCK DM-SL R/B,2003-026B,ROCKET BODY,SEAL,2003-06-10,Other,HEO,14.121500376245422,0.009480583476829452,1,59525.257857669036,-6.03884119115537,35870.223290835485,34970.00579574799,7.8163771001960045,5.862500000000001,1156.8117311778724,35723.28390715704,648.5070462587371,13.14137628381448,2.07442307472229,1,59525.25672453704,59525.26097453117,spacetrack
202,20211107021,59525.25672453704,367.2660217285156,18.730422973632812,1.0251353979110718,18.64266014099121,1.0271941423416138,18.821678161621094,1.022994875907898,644.5357666015625,91.34395599365234,1252.75,4,16.143823623657227,23.888484954833984,15.541805267333984,27826,BLOCK DM-SL R/B,2003-026B,ROCKET BODY,SEAL,2003-06-10,Other,HEO,7.58218110878488,0.21857389893814627,1,59525.257857669036,-6.03884119115537,35870.223290835485,34970.00579574799,7.8163771001960045,5.862500000000001,1156.8117311778724,35723.28390715704,648.5070462587371,12.567261525900042,2.07442307472229,1,59525.25672453704,59525.26097453117,spacetrack
203,20211107023,59525.29201736111,367.491943359375,30.472909927368164,1.27645742893219,30.362550735473633,1.279617428779602,30.607086181640625,1.2726155519485474,880.4680786132812,91.64054870605469,2250.0,4,15.393960952758789,23.774415969848633,19.44013023376465,23716,ARIANE 44P+3 R/B,1995-062B,ROCKET BODY,FR,1995-11-17,Other,HEO,14.355427645097052,2.0384475926921226,1,59525.29703520564,-9.593753493390977,59994.53775919396,58987.71030766298,2.420092514551108,5.492,1021.0060314081084,73645.87017783403,1515.8435653651218,13.726127960066332,1.782823920249939,2,59525.29672311797,59525.30098006439,spacetrack
204,20211109011,59527.21885532408,667.1280517578125,12.455604553222656,-0.7366291880607605,12.361740112304688,-0.6702324151992798,12.53586483001709,-0.7934026122093201,767.7819213867188,125.27660369873047,2876.75,5,16.06728744506836,24.71454429626465,13.106752395629883,27367,MDS 1,2002-003A,PAYLOAD,JPN,2002-02-04,Other,HEO,32.49027893706966,0.05486655672110885,1,59527.22025525301,2.8513954578666016,9809.723082281633,9174.349176292653,80.03516007063845,28.5589,254.78154544104746,13204.34164669593,248.9139865481212,10.867631337775466,1.6646775007247925,1,59527.21885532408,59527.226572909465,spacetrack
205,20211113024,59531.45971643519,607.7492065429688,164.34494018554688,45.84893798828125,164.32754516601562,45.89387130737305,164.3643035888672,45.798919677734375,354.03704833984375,164.91043090820312,1705.0,4,16.392074584960938,24.471385955810547,9.904342651367188,48304,STARLINK-2524,2021-036AE,PAYLOAD,US,2021-04-29,Starlink,LEO,8.294399787263274,0.015865601450968825,1,59531.475874774354,3.405220204498619,674.6100438369436,543.0003701646592,2225.3120095923205,53.0561,546.1058394058246,548.3399598642472,95.59233362017584,7.014198896891523,2.253580331802368,3,59531.474712603536,59531.481739213734,spacetrack
206,20211129008,59547.058921296295,367.426513671875,11.634949684143066,1.3899598121643066,11.63370132446289,1.4688866138458252,11.635894775390625,1.3301831483840942,499.3949279785156,179.09439086914062,1592.0,3,15.2848482131958,23.289705276489258,25.995437622070312,37730,SJ-11-03,2011-030A,PAYLOAD,PRC,2011-07-06,Other,LEO,36.45037989411435,0.018570313347765932,1,59547.06004949401,-1.544176648836583,860.154853683614,693.6467517534775,1602.7393577535072,97.825,684.9962560620543,695.4942143874105,98.56882643361782,6.188839250076407,1.3865655660629272,1,59547.058921296295,59547.063179705016,spacetrack
207,20211129009,59547.075608796295,367.7326354980469,13.710357666015625,1.5107351541519165,13.689168930053711,1.5051889419555664,13.731624603271484,1.5163017511367798,157.93829345703125,75.32701873779297,1184.75,2,17.74284553527832,25.426912307739258,3.775953531265259,20502,SL-12 R/B(2),1990-016D,ROCKET BODY,CIS,1990-02-15,Other,GEO,1.2759676115820184,0.01577786739157716,1,59547.08337790788,-9.92908640904352,36986.678033606164,36019.02944082341,15.024534306263488,14.1298,35696.09058926432,36022.04352497954,1439.8009043309494,13.396200412454306,1.3526215553283691,2,59547.08032581534,59547.0845798587,spacetrack
208,20211129010,59547.092295138886,367.4993591308594,20.27792739868164,1.3402974605560303,20.202425003051758,1.318646788597107,20.35438346862793,1.3622217178344727,568.95458984375,73.99531555175781,2330.75,4,16.84362030029297,25.262359619140625,6.018520355224609,16101,INTELSAT 512,1985-087A,PAYLOAD,ITSO,1985-09-28,Other,GEO,0.9534886190294856,0.03805946452887099,1,59547.09802896416,-9.104882426618133,37135.169445108564,36121.347780412616,15.00232965035396,15.1047,36083.05290155852,36146.80949808473,1452.9037173722093,13.233253405226383,1.435573935508728,2,59547.09700624268,59547.10127185976,spacetrack
209,20211201008,59549.16201157407,367.7646484375,13.737306594848633,-1.2856755256652832,13.66901683807373,-1.3053200244903564,13.792972564697266,-1.2696627378463745,464.2287292480469,73.94766235351562,2113.0,4,16.807680130004883,25.11992835998535,3.8347396850585938,23270,SL-12 R/B(2),1994-060D,ROCKET BODY,CIS,1994-09-21,Other,GEO,2.810383003691186,0.34385111198378127,1,59549.17106179328,-5.739513502107002,36796.59774861425,35837.64242155214,15.10415304722653,14.7338,35801.163304014604,35892.32682006855,1439.1708936481693,13.083478561619586,1.7020907402038574,3,59549.1714473694,59549.17570341513,spacetrack
210,20211201009,59549.18542361111,667.5326538085938,22.742033004760742,-1.5110416412353516,22.702524185180664,-1.5129917860031128,22.780160903930664,-1.5091595649719238,279.7319030761719,87.17305755615234,1048.0,2,15.990081787109375,23.540985107421875,24.896875381469727,40946,MORELOS 3,2015-056A,PAYLOAD,MEX,2015-10-02,Other,GEO,3.167256494270987,0.03127902323083731,1,59549.186985250155,-0.15727173333289102,36699.0262634834,35786.070372873924,15.064711796012142,4.0035,35782.95087763366,35790.41405032478,1436.1012722660523,11.507373557759669,1.4647915363311768,1,59549.18542361111,59549.19315161345,spacetrack
211,20211201010,59549.21244328704,367.5050048828125,30.725229263305664,-1.3528071641921997,30.611740112304688,-1.3816584348678589,30.85676383972168,-1.3193683624267578,909.9072875976562,75.73262023925781,1759.25,4,17.218944549560547,25.332263946533203,5.990373134613037,26372,GORIZONT 33,2000-029A,PAYLOAD,CIS,2000-06-06,Other,GEO,1.1708038247320474,0.16279714436448955,1,59549.22459322889,-4.4406039111781865,36755.670582035404,35742.892186453464,15.144464035469035,13.0288,35740.20335084808,35769.09801526952,1434.4651163485692,13.292919311263754,1.6838740110397339,3,59549.22186315671,59549.226120092535,spacetrack
212,20211202012,59550.13403472222,403.599609375,32.27595901489258,0.5385715961456299,32.16228103637695,0.49857786297798157,32.3885498046875,0.5781832337379456,863.475341796875,70.6164321899414,3434.5,6,16.783203125,25.622861862182617,4.750027179718018,,,,,,,,,,,,,,,,,,,,,,1.4064419269561768,3,59550.144862245914,59550.14898318531,
213,20211202015,59550.18909375,367.5235900878906,22.195430755615234,-0.8837480545043945,22.153446197509766,-0.8568934798240662,22.2363224029541,-0.9099027514457703,354.1329650878906,122.6070785522461,2309.0,4,15.95958423614502,24.368144989013672,13.37923526763916,10779,ATLAS CENTAUR R/B,1978-035B,ROCKET BODY,US,1978-03-31,Other,HEO,4.023689018094956,0.01353338913997959,1,59550.197660324295,0.10866023995913565,20814.349586867735,19925.497843022633,22.82134293906599,21.1609,630.6426299041059,36158.0399718653,646.7163824496372,11.883581708352814,1.258845567703247,2,59550.19379599204,59550.19805350678,spacetrack
214,20211203015,59551.15478240741,427.41064453125,10.043747901916504,-0.43753933906555176,10.000886917114258,-0.5647915601730347,10.06846809387207,-0.3641453981399536,762.196044921875,18.61392593383789,2414.25,4,16.322664260864258,24.779621124267578,9.313511848449707,36400,COSMOS 2459 (GLONASS),2010-007A,PAYLOAD,CIS,2010-03-01,Cosmos,MEO,1.2714279532303863,0.054310907622596716,1,59551.15498421663,0.2212691375752911,19885.767082260656,19068.644854250233,39.24332310984146,65.97190000000002,19064.01578173526,19194.240563135812,675.7024983255247,11.706496053624083,1.5771124362945557,1,59551.15478240741,59551.15973668155,spacetrack
215,20211204010,59552.078101851854,427.3089599609375,20.959869384765625,1.5987368822097778,20.884044647216797,1.5767548084259033,21.035755157470703,1.6207364797592163,568.4366455078125,73.82671356201172,2379.0,4,16.699691772460938,25.14067840576172,7.928493022918701,21824,SL-12 R/B(2),1991-087D,ROCKET BODY,CIS,1991-12-19,Other,GEO,2.623742128162121,0.00752237587519744,1,59552.08170138602,0.12543772434582934,37408.48928365375,36354.245326125696,14.887609155258387,15.3598,36351.084011044346,36509.97264585422,1469.1198655918558,13.119906113693164,1.6810152530670166,1,59552.078101851854,59552.08304976428,spacetrack
216,20211204012,59552.11513078704,547.2863159179688,33.24122619628906,1.183550477027893,33.15520095825195,1.1778028011322021,33.319847106933594,1.1888034343719482,593.918701171875,86.17669677734375,2023.75,5,15.688094139099121,23.9534854888916,17.68055534362793,23732,ARIANE 44L+3 R/B,1995-067C,ROCKET BODY,FR,1995-12-06,Other,HEO,13.209541470337172,0.006102412316380423,1,59552.13461547467,1.8600148088880815,25814.10764090821,24980.519404403276,13.453278970505579,7.0052,284.56918292979117,28537.356368884357,497.17947666045836,12.042706556652405,1.7656203508377075,3,59552.12870227616,59552.13504351948,spacetrack
217,20211204015,59552.177,367.8663024902344,21.273408889770508,-1.4632947444915771,21.220901489257812,-1.4895894527435303,21.33651351928711,-1.4316933155059814,465.3548278808594,63.391841888427734,2134.25,4,16.985265731811523,25.308380126953125,5.828979969024658,33438,BREEZE-M R/B,2008-057C,ROCKET BODY,CIS,2008-11-05,Other,HEO,3.9230833571025414,0.005147164877698174,1,59552.18438609374,0.7049774400657043,36490.82963729124,35519.5409525168,9.35478744865159,21.4009,4728.4284012142,35738.49799714979,720.055822327626,13.792084779292425,1.6111469268798828,2,59552.18171558995,59552.18597542,spacetrack
218,20211204027,59552.405466435186,427.8351135253906,164.68975830078125,45.51754379272461,164.60589599609375,45.449615478515625,164.8220672607422,45.624732971191406,833.5335693359375,40.85836410522461,2326.5,5,16.177446365356445,24.59420394897461,9.300623893737793,13607,COSMOS 1415 (GLONASS),1982-100E,PAYLOAD,CIS,1982-10-12,Cosmos,MEO,9.559070845597262,0.008256134303522344,1,59552.411658998346,5.001678364584222,20197.948722319645,19059.881260594535,39.774264188395186,64.1005,19064.02319670155,19083.015221072223,673.4940315660479,11.506489255294547,1.615485668182373,2,59552.41087788773,59552.41583099238,spacetrack
219,20211204031,59552.48196643518,427.7159118652344,182.1923065185547,53.593116760253906,182.1471405029297,53.456993103027344,182.2286376953125,53.702598571777344,901.1666259765625,11.140262603759766,1788.0,5,16.262855529785156,24.393774032592773,14.484335899353027,742,ECHO 2 DEB (METAL OBJ),1964-004C,DEBRIS,US,1964-01-25,Other,LEO,22.680298025551338,0.0861148947044228,1,59552.49097282184,5.960485084389802,1404.394669417084,1193.3066954527403,990.0618485776002,81.4658,1033.3934133896219,1290.4812272374966,108.59829259139929,7.815909134987162,1.3877480030059814,2,59552.487375248515,59552.49232605164,spacetrack
220,20211206013,59554.15936226852,427.5496826171875,12.230945587158203,1.4650129079818726,12.127935409545898,1.4401143789291382,12.336978912353516,1.4906423091888428,773.9888916015625,76.4073715209961,4325.5,6,16.689029693603516,25.77911949157715,6.627410888671875,15629,INTELSAT 510,1985-025A,PAYLOAD,ITSO,1985-03-22,Other,GEO,3.6442197487247086,2.3400080490517468,1,59554.159987267856,-7.189133075473364,37130.58748871615,36252.78150338671,14.916170796048373,15.045800000000002,36218.033134589474,36489.96333765084,1465.1820546699719,13.756267748547028,1.7983063459396362,1,59554.15936226852,59554.16431018201,spacetrack
221,20211206016,59554.2168275463,607.84912109375,33.26535415649414,1.332213044166565,33.15095138549805,1.328985571861267,33.371212005615234,1.3351994752883911,793.047607421875,88.38359069824219,2425.0,4,15.646135330200195,24.107913970947266,23.063230514526367,23732,ARIANE 44L+3 R/B,1995-067C,ROCKET BODY,FR,1995-12-06,Other,HEO,13.242202871600739,0.0383167785358296,1,59554.21993887332,2.5958118309499696,27213.041402507693,26357.099808092324,12.927877990513766,7.002,284.8761157087374,28535.254625144524,497.147284298608,12.240387208740948,2.1745150089263916,1,59554.2168275463,59554.2238657228,spacetrack
222,20211214026,59562.46867361111,487.8044128417969,188.7848663330078,53.441978454589844,188.63494873046875,53.50923538208008,188.90756225585938,53.386932373046875,731.8253173828125,126.98648834228516,2171.25,4,15.33710765838623,23.678882598876953,27.301097869873047,2122,OV1-5,1966-025B,PAYLOAD,US,1966-03-30,Other,LEO,0.0037403861767870694,0.32832299000745024,1,59562.470287112425,0.3458786666742526,1185.0832391189008,977.6335659061979,1289.723735539221,144.633,979.5979776060285,1049.1927368952574,105.42640683241247,6.813931138773754,1.9199416637420654,1,59562.46867361111,59562.47431846167,spacetrack
223,20211223010,59571.10861574074,547.1498413085938,17.007484436035156,-1.8720731735229492,16.913175582885742,-1.8773739337921143,17.114398956298828,-1.8660639524459839,725.1644897460938,86.78128814697266,2312.75,5,14.83564281463623,23.24596405029297,33.39933395385742,40946,MORELOS 3,2015-056A,PAYLOAD,MEX,2015-10-02,Other,GEO,6.00261622311109,0.01576106203459915,1,59571.110975020136,-8.790557262254879,36712.58587224088,35781.65665246568,15.061115978312392,3.9695,35779.20872758186,35794.65800863194,1436.1140906877129,11.212612289606191,1.6933456659317017,1,59571.10861574074,59571.11494791497,spacetrack
224,20211224010,59572.06743402778,427.6067810058594,33.503379821777344,-0.8125585317611694,33.4646110534668,-0.8106489181518555,33.54289627075195,-0.8145046830177307,282.1417236328125,92.81995391845703,1273.5,2,16.57208251953125,24.334579467773438,9.990534782409668,27826,BLOCK DM-SL R/B,2003-026B,ROCKET BODY,SEAL,2003-06-10,Other,HEO,2.3682746535314436,0.3908072659520343,1,59572.071324932724,-2.0415535735082813,34641.68792082542,33583.91595296669,8.146045786223354,5.7691,1162.1007802359381,35717.996795432075,648.5070842260869,12.968503408787619,2.39943790435791,1,59572.06743402778,59572.07238830192,spacetrack
225,20211227013,59575.14916435185,487.34033203125,33.260093688964844,-1.167317271232605,33.12741470336914,-1.2013367414474487,33.34905242919922,-1.1445071697235107,823.5569458007812,75.6160888671875,2523.25,5,16.80204200744629,25.306941986083984,7.592878341674805,20523,INTELSAT 603,1990-021A,PAYLOAD,ITSO,1990-03-14,Other,GEO,3.1369219742487076,0.0539265401474438,1,59575.16591668409,-0.6185430753976107,37029.78590565758,35977.14046294487,15.006623200047331,12.9784,35977.46399959042,36044.370879961374,1447.572395960509,13.277525900185786,1.9570679664611816,3,59575.16135095611,59575.16699877753,spacetrack
226,20211231011,59579.090834490744,547.5825805664062,18.513063430786133,-1.8028937578201294,18.38860321044922,-1.8095604181289673,18.61624526977539,-1.7973668575286865,820.28076171875,86.93240356445312,2032.5,4,14.011528015136719,22.281604766845703,47.02001190185547,40946,MORELOS 3,2015-056A,PAYLOAD,MEX,2015-10-02,Other,GEO,6.400018531905971,0.04813127394632488,1,59579.09331062573,10.647928577789571,36707.86065945107,35780.1190650831,15.064232960326196,3.9586,35777.38892762159,35796.4475316814,1436.113317279249,10.248027475782171,1.9829126596450806,1,59579.090834490744,59579.09717533564,spacetrack
227,20211231012,59579.11582523148,727.79931640625,29.00063705444336,-1.8777669668197632,28.927345275878906,-1.8538943529129028,29.07390594482422,-1.9016324281692505,554.6351318359375,108.0505599975586,3464.5,6,16.191667556762695,25.040769577026367,9.196707725524902,40270,PSLV R/B,2014-061B,ROCKET BODY,IND,2014-10-15,Other,HEO,81.5692189697927,0.08886717806021238,1,59579.12760135362,2.9949129953747615,4664.776450890112,4179.521893825807,246.4224749634078,17.7595,248.55704131849143,19799.840186813206,348.43212656866683,9.97285881607446,1.853611946105957,2,59579.12471362446,59579.13314533106,spacetrack
228,20220103027,59582.497626157405,487.7994079589844,218.35728454589844,52.7986946105957,218.33737182617188,52.8315544128418,218.37713623046875,52.76594543457031,251.5428009033203,159.8738555908203,1242.25,3,15.661746978759766,23.39727020263672,32.02827835083008,47561,STARLINK-1960,2021-009P,PAYLOAD,US,2021-02-04,Starlink,LEO,8.80905272003929,0.008158681496297504,1,59582.50668595694,3.5734667378710583,652.0211439108924,541.5599766086389,2308.043179967528,53.0554,545.2083555871532,549.1890373958959,95.59183249814406,5.900450301398807,1.7822935581207275,2,59582.50372998668,59582.509375811394,spacetrack
229,20220104011,59583.11995833334,727.3992309570312,27.501487731933594,2.144944190979004,27.41288185119629,2.183079481124878,27.583091735839844,2.109823226928711,666.701416015625,113.30113983154297,2711.25,5,15.722733497619629,24.3056583404541,15.864988327026367,1359,TITAN 3A TRANSTAGE R/B,1965-034A,ROCKET BODY,US,1965-05-06,Other,MEO,11.167175306530908,0.04712801918552145,1,59583.141505151245,-2.198317839880474,3241.317633866931,2827.602204330814,405.43201357693096,32.1174,2782.98839154678,3742.4764393336372,157.01237960617843,8.697152947348618,2.8043386936187744,3,59583.13772149094,59583.14613351865,spacetrack
230,20220105025,59584.33728703704,367.7658996582031,149.72262573242188,1.906592607498169,149.61761474609375,1.9038870334625244,149.82797241210938,1.9093068838119507,757.1239624023438,88.52330780029297,2411.0,5,15.899088859558105,24.354581832885742,14.044549942016602,25657,ASIASAT 3S,1999-013A,PAYLOAD,AC,1999-03-21,Other,GEO,3.1369765143267614,0.04708412199856582,1,59584.35141330257,-22.99586599128088,37235.796125152156,36190.94471149755,14.881843994462226,6.043200000000001,36161.31266413283,36206.505042296165,1456.4428317666527,12.33423064961284,2.5496914386749268,3,59584.346736554326,59584.35099059769,spacetrack
231,20220107024,59586.49095601852,547.7072143554688,221.69163513183594,52.393619537353516,221.6017608642578,52.315330505371094,221.76846313476562,52.460548400878906,638.3034057617188,35.01320266723633,1438.25,3,16.603546142578125,24.498132705688477,12.293139457702637,37390,PSLV R/B,2011-015D,ROCKET BODY,IND,2011-04-20,Other,LEO,44.462617555444695,0.045189479672927746,1,59586.494338994955,0.0805017245002091,982.9206724874679,807.6079277453455,1402.346168981606,98.2925,787.2351249229123,814.1399159650327,100.88800981678449,7.542284651272684,2.7406249046325684,1,59586.49095601852,59586.49729977036,spacetrack
232,20220113023,59592.45116087963,427.4098815917969,150.55982971191406,2.0367419719696045,150.46266174316406,2.0355923175811768,150.67807006835938,2.0381407737731934,775.0471801757812,89.32176971435547,2142.25,4,16.810558319091797,25.137733459472656,7.930985927581787,25657,ASIASAT 3S,1999-013A,PAYLOAD,AC,1999-03-21,Other,GEO,2.8423314181395654,0.05828337042567,1,59592.46149920752,-4.823401928704698,37285.37468262204,36193.52229297861,14.8799366948119,6.0597,36161.723088213614,36205.74908766698,1456.4339639186692,13.117521621932156,2.0593459606170654,2,59592.456565957385,59592.46151039385,spacetrack
233,20220123008,59602.08002893518,367.7184753417969,29.684804916381836,1.6456979513168335,29.680545806884766,1.737892746925354,29.689373016357422,1.5468039512634277,688.6524658203125,177.35629272460938,2591.5,5,15.950872421264648,24.484750747680664,13.057731628417969,13066,SL-8 R/B,1982-012B,ROCKET BODY,CIS,1982-02-17,Other,LEO,13.880434739724024,0.006748420566253799,1,59602.08623611502,-12.813124435488135,1181.8665985125235,1004.3010030169899,1153.8337078810355,82.8948,942.3586340667262,1005.4346543550691,104.56125363866083,7.740683031654235,2.5823090076446533,2,59602.08474507791,59602.08899912552,spacetrack
234,20220127006,59606.07808680556,368.1763000488281,32.64067840576172,1.886278510093689,32.63162612915039,1.9086283445358276,32.65137481689453,1.859861969947815,189.39675903320312,157.96243286132812,1081.25,2,14.472675323486328,22.057491302490234,71.42339324951172,29092,YAOGAN 1,2006-015A,PAYLOAD,PRC,2006-04-26,Yaogan,LEO,64.27811233074294,0.31597166751149075,1,59606.0918111277,3.034872133343015,747.5205609456058,617.4311221044936,1983.1495773123754,97.8889,618.0590254783901,620.0504256742888,97.08345079307227,4.725392578331377,2.055678606033325,3,59606.08753529924,59606.09179944484,spacetrack
235,20220205018,59615.22648726852,427.9739685058594,164.0989532470703,48.792049407958984,163.9881591796875,48.71062088012695,164.20921325683594,48.87308883666992,785.463134765625,41.87229537963867,1863.75,3,17.069690704345703,25.24566078186035,5.587000846862793,16996,SL-6 R/B(2),1986-075D,ROCKET BODY,CIS,1986-10-03,Other,HEO,27.391252477150374,0.18715141365704824,1,59615.23813508048,1.1535750845214352,19419.329721288792,18270.80298353781,25.37349081109461,62.1839,193.24549573791683,20282.384045348168,355.260960886163,12.6459999277003,1.9624903202056885,1,59615.22648726852,59615.23143832949,spacetrack
236,20220208029,59618.47822337963,368.180419921875,241.8597869873047,52.68682098388672,241.82740783691406,52.62367630004883,241.89096069335938,52.74760437011719,467.2013854980469,17.270526885986328,1573.0,4,16.469097137451172,24.460918426513672,17.226516723632812,41920,IRIDIUM 102,2017-003D,PAYLOAD,US,2017-01-14,Iridium-NEXT,LEO,45.427574225431044,0.01718597698538815,1,59618.47980253957,-1.0330670488765463,912.5436827210689,774.9297948307585,1562.3810502153765,86.3965,776.2812552607775,779.0634331562069,100.4032311597724,7.387742169854288,1.6734983921051025,1,59618.47822337963,59618.48248668282,spacetrack
237,20220209024,59619.45330671296,367.758056640625,238.14053344726562,52.878211975097656,238.0698699951172,52.806705474853516,238.20245361328125,52.94085693359375,562.3505859375,30.816017150878906,1484.25,3,15.595588684082031,23.524356842041016,28.279056549072266,26622,DELTA 2 R/B,2000-075D,ROCKET BODY,US,2000-11-21,Other,LEO,13.468039092083472,0.05894318552708455,1,59619.45763913499,-1.7672874490963295,1788.8857678251402,1522.1034321857933,759.5508533002868,95.4172,696.9579860380554,1792.2478541071096,110.38910512151257,7.23425482111125,1.9356787204742432,1,59619.45330671296,59619.457563648786,spacetrack
238,20220209025,59619.46938310185,427.9246826171875,241.55429077148438,52.54378128051758,241.4536895751953,52.597381591796875,241.66085815429688,52.487003326416016,602.98486328125,131.2218475341797,1877.5,5,15.479349136352539,23.663297653198242,29.29555320739746,41020,ATLAS 5 CENTAUR R/B,2015-062B,ROCKET BODY,US,2015-10-31,Other,MEO,17.364079283117917,0.07790208942782328,1,59619.480989919175,16.379099324403796,22382.16861890219,21587.283299171977,31.056180067092228,55.9871,20607.323726872775,21629.48559147076,756.2698631784923,10.844219543160815,1.7817445993423462,3,59619.48021465711,59619.4851617077,spacetrack
239,20220210028,59620.48516435185,368.3661193847656,178.6170196533203,54.29091262817383,178.59063720703125,54.1759147644043,178.6417999267578,54.39881896972656,809.6310424804688,7.630449295043945,1064.75,3,13.65335750579834,21.221477508544922,118.83658599853516,22076,TOPEX/POSEIDON,1992-052A,PAYLOAD,US,1992-08-10,Other,LEO,20.5254459937521,0.1435049905882595,1,59620.49354432614,-0.3027606754330918,1566.493961573047,1337.8249644126017,902.2048164109303,66.0393,1331.0913804834545,1343.5255892036275,112.40899674991476,4.744504407514507,2.262498617172241,2,59620.48987758198,59620.49414551332,spacetrack
240,20220302014,59640.27683796296,727.673583984375,197.14720153808594,53.54685592651367,196.92416381835938,53.51288604736328,197.3155975341797,53.57250213623047,864.3438110351562,75.62359619140625,2823.5,5,16.059350967407227,24.686321258544922,4.049742698669434,,,,,,,,,,,,,,,,,,,,,,1.7957112789154053,1,59640.27683796296,59640.28526067183,
241,20220303018,59641.17967939815,487.9326171875,150.59609985351562,2.465221881866455,150.4247589111328,2.508573055267334,150.683837890625,2.443023681640625,961.2479858398438,104.21084594726562,970.0,3,17.364234924316406,24.83116340637207,6.057653427124023,21129,SL-12 R/B(2),1991-010F,ROCKET BODY,CIS,1991-02-14,Other,GEO,1.7404803106842337,0.021296337109205865,1,59641.18128061746,-2.5354658846044913,37008.76180235234,35771.243842034004,15.18694194112787,14.2136,35768.39112980914,35896.06904212116,1438.4288760601235,12.78877906128286,1.8392895460128784,1,59641.17967939815,59641.18532206373,spacetrack
242,20220303031,59641.464042824075,427.6498107910156,190.74185180664062,54.39847946166992,190.5672149658203,54.34638595581055,190.89854431152344,54.44523239135742,780.2403564453125,62.86609649658203,2187.0,4,14.948019981384277,23.29764175415039,39.99140167236328,39174,BREEZE-M DEB (TANK),2013-026C,DEBRIS,CIS,2013-06-03,Other,HEO,40.01960356677614,0.016620147687412157,1,59641.47321865746,5.293049137748312,12527.918834398251,11731.439812855933,54.663943187867645,50.7015,342.5240143054325,14784.54727857654,273.0435730214989,9.864680181057501,1.786110520362854,2,59641.46944673376,59641.47440448458,spacetrack
243,20220305012,59643.15780208333,547.7158813476562,164.6166534423828,48.15571975708008,164.54171752929688,48.09956359863281,164.69464111328125,48.21414566040039,552.3038330078125,41.67989730834961,1802.5,4,16.890460968017578,25.030147552490234,6.361856937408447,21858,SL-12 R/B(2),1992-005F,ROCKET BODY,CIS,1992-01-29,Other,MEO,20.57750502995077,0.06264076539193297,1,59643.176468020574,-54.97460008005146,20081.368306742526,19101.880495931084,39.663503496512185,64.1922,19106.865280374106,19134.592745101552,675.3687777342358,11.945462101944035,2.824091911315918,3,59643.1714048007,59643.177741019215,satchecker
244,20220305025,59643.45896412037,607.908447265625,191.17678833007812,53.27531051635742,191.0670166015625,53.21888732910156,191.27743530273438,53.327049255371094,597.3189697265625,49.31515121459961,2027.5,4,15.94192886352539,24.209331512451172,16.3286075592041,3597,OAO 2,1968-110A,PAYLOAD,US,1968-12-07,Other,LEO,37.281507338383335,0.18899358051528026,1,59643.48044878597,-0.16627463093027472,897.3836535421308,733.5029274421786,1563.2626666674084,34.993,734.7325563426057,743.2645760617688,99.59038343887612,7.135541762870746,2.7812767028808594,3,59643.473962018754,59643.480992681005,spacetrack
245,20220306014,59644.17276388889,427.591796875,150.51097106933594,2.4212520122528076,150.43524169921875,2.4395153522491455,150.6025390625,2.3991730213165283,619.0534057617188,103.56829833984375,2433.0,5,16.75428581237793,25.219640731811523,6.875802040100098,21129,SL-12 R/B(2),1991-010F,ROCKET BODY,CIS,1991-02-14,Other,GEO,2.4475358699760363,0.7191659826063272,1,59644.17855878604,-4.0968727465951815,36932.70054543482,35771.226078685206,15.189169822768116,14.2118,35768.570562579975,35896.40120686727,1438.4419516001244,13.177096623241717,2.0588107109069824,2,59644.17817129927,59644.18311199733,spacetrack
246,20220308020,59646.47449305555,488.282958984375,199.1512908935547,53.03900909423828,199.10707092285156,52.96457290649414,199.24057006835938,53.18928146362305,859.02001953125,19.6582088470459,1593.0,4,17.25402069091797,25.259559631347656,5.485430717468262,48647,STARLINK-2691,2021-044K,PAYLOAD,US,2021-05-26,Starlink,LEO,21.875709931839538,0.19714044632872074,1,59646.48642959321,1.4952322933240794,656.7180685920074,542.2395819006742,2291.199871582256,53.0553,546.2494064922957,548.2342194868979,95.59272521862309,7.770693322667725,2.8748624324798584,1,59646.47449305555,59646.480146098875,spacetrack
247,20220312011,59650.4606724537,367.5676574707031,198.69630432128906,54.0554313659668,198.68649291992188,53.975589752197266,198.70718383789062,54.1438102722168,607.1795654296875,4.131254196166992,1260.25,4,16.638774871826172,24.389917373657227,13.906116485595703,7665,SL-8 R/B,1975-012B,ROCKET BODY,CIS,1975-02-12,Other,LEO,11.47232575367525,0.008469093980036035,1,59650.4663582155,-2.1777887113275938,1593.1070361277,1364.5418478719694,884.9186265217685,69.2284,1364.9502052552798,1395.5166251374703,113.34838280277486,7.933948928566641,1.8836132287979126,2,59650.46539281626,59650.46964855257,spacetrack
248,20220325013,59663.24672916667,368.2251281738281,149.79930114746094,2.1826980113983154,149.68572998046875,2.1811177730560303,149.9444580078125,2.1847176551818848,930.7932739257812,89.20220947265625,2317.0,4,14.13353443145752,22.545848846435547,44.601627349853516,25657,ASIASAT 3S,1999-013A,PAYLOAD,AC,1999-03-21,Other,GEO,7.622387482643944,0.047630743978189116,1,59663.25432908821,-6.573986719886307,37149.82127412814,36193.18488747651,14.883021752731992,6.2209,36146.68583719281,36221.19500642623,1456.4444521492155,10.525412357613707,1.9583683013916016,2,59663.2514551273,59663.25571669551,spacetrack
249,20220327010,59665.128920138886,427.9794616699219,170.18324279785156,49.93043518066406,170.1197052001953,49.84896469116211,170.24151611328125,50.005149841308594,629.1554565429688,26.657581329345703,2688.25,5,16.635215759277344,25.20888900756836,8.022439002990723,9061,COSMOS 846,1976-078A,PAYLOAD,CIS,1976-07-29,Cosmos,LEO,17.95090290950725,0.0641889183931248,1,59665.13336810872,-2.0060652267420664,1203.1178683861745,995.9207636616657,1165.192138375068,82.9292,945.9007706820275,1007.114934070928,104.61696383974946,8.454186664045658,1.7603964805603027,1,59665.128920138886,59665.13387105433,spacetrack
250,20220327015,59665.224233796296,367.6246032714844,202.71824645996094,50.123077392578125,202.67404174804688,50.025047302246094,202.76559448242188,50.22808837890625,760.8843994140625,16.1248836517334,1689.75,5,17.36945152282715,25.439008712768555,4.157684326171875,2511,PAGEOS 1 DEB,1966-056D,DEBRIS,US,1966-06-24,Other,MEO,24.2531432239673,0.09499645897460596,1,59665.230637024746,1.016505030915141,4759.092978236603,4246.271966049974,255.9108425559117,87.0419,4224.494945685497,4257.363072606608,181.50520679827247,10.330076576882938,1.6915262937545776,2,59665.22894794337,59665.23320546517,spacetrack
251,20220328029,59666.42282060185,487.4830627441406,199.35848999023438,53.92704772949219,199.3160400390625,54.02337646484375,199.40565490722656,53.82001495361328,756.34228515625,165.45509338378906,2467.0,6,15.08803653717041,23.56846046447754,34.67002868652344,24731,SL-14 R/B,1997-006G,ROCKET BODY,CIS,1997-02-14,Other,LEO,4.499020622955641,0.057688637865709325,1,59666.43775926396,-0.44679211563197896,1752.5280507221883,1470.3481873734117,782.7460285706633,82.6004,1410.7743405726042,1474.439873770244,114.71802927006458,7.245697861835892,2.122978448867798,3,59666.43503525684,59666.440679933265,spacetrack
252,20220401010,59670.209936342595,487.991455078125,202.8586883544922,53.292816162109375,202.78074645996094,53.196571350097656,202.9499053955078,53.405452728271484,835.4323120117188,25.829755783081055,2146.75,6,15.345376968383789,23.67483139038086,26.046751022338867,21820,SL-14 R/B,1991-086B,ROCKET BODY,CIS,1991-12-18,Other,MEO,15.303718620953077,0.0596797352128462,1,59670.211898147085,-5.785790577647276,3455.0879700215805,2979.322919502886,340.656046260877,82.5652,435.9476563510716,2982.4674321209895,120.63365531659481,8.255331026319915,2.1302218437194824,1,59670.209936342595,59670.21557870088,spacetrack
253,20220401011,59670.230689814816,487.5582275390625,214.77108764648438,52.93552780151367,214.54864501953125,52.92584228515625,214.96798706054688,52.9441032409668,912.2415771484375,85.86775970458984,2990.0,5,14.955930709838867,23.645109176635742,30.93914031982422,31103,BREEZE-M DEB (TANK),2007-009B,DEBRIS,CIS,2007-04-09,Other,HEO,14.300011551034686,0.015062923107350912,1,59670.24225863136,12.025619875523262,17278.26057947716,16277.220220250183,31.05013996182178,49.4559,283.05265536036677,16685.376442907393,300.5321491459495,10.826240408248243,2.055915117263794,2,59670.23679920931,59670.2424433107,spacetrack
254,20220402006,59671.111542824074,368.2737731933594,167.5357208251953,52.895286560058594,167.48495483398438,52.95577621459961,167.5792694091797,52.84341049194336,453.4040222167969,153.14645385742188,2031.0,5,15.523076057434082,23.79235076904297,21.154170989990234,25770,GLOBALSTAR M025,1999-031A,PAYLOAD,GLOB,1999-06-10,Globalstar,MEO,7.49823779975145,0.06224603218058178,1,59671.12091495337,-2.611872142239008,2371.913596671166,2043.4240317904723,570.0801523637954,51.9858,2046.2661294892787,2048.67922352783,128.28077640229506,7.813801696209621,1.606563687324524,2,59671.1162661621,59671.12053320687,spacetrack
255,20220402006,59671.111542824074,368.2737731933594,167.298583984375,52.886436462402344,167.2227783203125,52.97869873046875,167.37657165527344,52.7915153503418,752.1288452148438,153.62893676757812,3429.0,8,16.198455810546875,25.036375045776367,9.260078430175781,33378,COSMOS 2442 (GLONASS),2008-046A,PAYLOAD,CIS,2008-09-25,Cosmos,MEO,18.809848327339296,0.23823480507229533,1,59671.11587576471,23.321363857830875,20126.938411875857,19169.53577335434,37.13604812792068,65.9917,19082.6580287439,19175.94382341276,675.7093628565145,12.023175941413943,1.606563687324524,2,59671.1162661621,59671.12053320687,spacetrack
256,20220402012,59671.24422800926,608.0662231445312,215.27294921875,52.97673416137695,215.16986083984375,53.05248260498047,215.39971923828125,52.88358688354492,786.094482421875,140.66636657714844,2340.5,5,17.399755477905273,25.823026657104492,4.6157732009887695,10485,SL-6 R/B(2),1977-105E,ROCKET BODY,CIS,1977-10-28,Other,HEO,4.966415541935021,0.29390396889809267,1,59671.2654585348,8.042792862164788,33810.36585156298,32935.14475476134,8.806556184190477,62.7557,584.1042642621751,40371.593551804,729.997431625703,14.372302449126144,2.3857297897338867,3,59671.259221539105,59671.266268409585,spacetrack
257,20220405017,59674.33033680556,607.6331176757812,176.6898956298828,53.46306228637695,176.52908325195312,53.482322692871094,176.84091186523438,53.44497299194336,681.7144165039062,101.37588500976562,2173.0,4,16.917081832885742,25.25973129272461,10.733945846557617,39362,BREEZE-M DEB (TANK),2013-058C,DEBRIS,CIS,2013-10-25,Other,HEO,72.82124191846151,0.9640385105462315,1,59674.333853009295,-19.893857146671508,8931.656174371556,8320.05910247871,77.54546298743736,49.5758,343.9422620608311,14777.042395146937,272.9541741558785,11.447130798427906,2.21094012260437,1,59674.33033680556,59674.337374996896,spacetrack
258,20220408023,59677.44924537037,427.4830017089844,216.63302612304688,52.50688171386719,216.50132751464844,52.53564453125,216.87156677246094,52.45478057861328,861.911865234375,109.73981475830078,2343.5,4,15.433899879455566,23.858562469482422,25.10262107849121,48607,FALCON 9 DEB,2021-041BG,DEBRIS,US,2021-05-15,Other,LEO,16.983757291541224,0.23422110539593177,1,59677.458191735095,-1.2069057509070262,692.821424147172,563.8902743706676,1820.2551631620536,53.0374,564.2043518032688,582.2765376845136,96.13152863149038,6.619522228049718,1.665231466293335,2,59677.45465740324,59677.45960300142,spacetrack
259,20220409020,59678.35566550926,427.6532897949219,189.77191162109375,54.72569274902344,189.7340087890625,54.63372802734375,189.81007385253906,54.81826400756836,682.8796997070312,13.388155937194824,1443.0,4,16.739233016967773,24.637399673461914,8.97399616241455,2700,DELTA 1 DEB,1965-089C,DEBRIS,US,1965-11-06,Other,MEO,572.1072975127754,2.195896144774716,1,59678.37040857476,-14.960324897663668,2437.8275664441167,2095.294460727454,539.6259940637234,59.59759999999999,1065.4306083705915,2217.106797428434,119.11675265404492,8.71845732342933,1.9427852630615234,2,59678.36107972428,59678.36602879101,spacetrack
260,20220421011,59690.182489583334,428.2049255371094,150.40577697753906,2.2098121643066406,150.31674194335938,2.2475531101226807,150.48822021484375,2.1748692989349365,670.0712890625,112.98554992675781,2777.0,5,16.288593292236328,24.897531509399414,9.147842407226562,25629,SL-12 R/B(2),1999-005D,ROCKET BODY,CIS,1999-02-15,Other,HEO,2.455051254770524,0.028979406640246452,1,59690.18743381677,-4.645045600016601,35410.356128612526,34405.46269586136,10.615653402891464,18.986,6575.588066317487,35819.093179427044,759.5288030991729,13.243956798235587,1.6591695547103882,1,59690.182489583334,59690.187442702474,spacetrack
261,20220424013,59693.16538194445,367.8744201660156,149.67100524902344,2.3866775035858154,149.55209350585938,2.4122202396392822,149.7713623046875,2.3651206493377686,806.6898803710938,102.13349151611328,2534.75,5,15.818344116210938,24.328182220458984,14.585967063903809,23247,TITAN 4 CENTAUR R/B,1994-054B,ROCKET BODY,US,1994-08-27,Other,GEO,5.352190125540801,0.03336240527876555,1,59693.178479597984,9.745366666582413,37482.331860016624,36462.90170104923,14.688851174905876,12.4733,35491.64089461174,36471.04283105265,1446.0576657068357,12.3220030018653,1.7238603830337524,3,59693.174810617595,59693.179075662476,spacetrack
262,20220429006,59698.12804166666,367.6467590332031,200.48190307617188,52.626590728759766,200.3847198486328,52.72401809692383,200.5654754638672,52.54280090332031,762.653564453125,148.80606079101562,2278.0,5,16.703659057617188,25.09754180908203,7.0248003005981445,13493,N-1 R/B,1982-087B,ROCKET BODY,JPN,1982-09-03,Other,LEO,25.441329125942502,0.057797652626533136,1,59698.12979463402,-2.009065760183148,1363.0031679418762,1130.18463331168,1037.2760488803758,44.6252,962.5267000109461,1222.0476726801544,107.09703554870116,8.469098114993336,1.6209660768508911,1,59698.12804166666,59698.132299761026,spacetrack
263,20220429007,59698.145947916666,368.0920104980469,149.52589416503906,2.5662784576416016,149.51815795898438,2.5685558319091797,149.53379821777344,2.563953161239624,58.67156982421875,106.4036636352539,622.5,1,17.791109085083008,24.776458740234375,3.8175747394561768,20041,DFS 1,1989-041B,PAYLOAD,GER,1989-06-05,Other,GEO,2.729254285253546,1.5372354658636596,1,59698.15603085881,-3.1243160000885837,36618.51876882112,35701.25558708332,15.267658062839896,14.6819,35640.479625014515,35710.99555857643,1430.436956769215,12.728317045339564,1.5907394886016846,3,59698.15538918326,59698.15965133003,spacetrack
264,20220430008,59699.126217592595,368.1598205566406,200.50852966308594,52.8997917175293,200.4963836669922,52.795291900634766,200.5198211669922,52.99680709838867,727.2510375976562,4.014558792114258,1429.5,4,16.748798370361328,24.63675880432129,9.772872924804688,16457,SL-8 R/B,1986-002J,ROCKET BODY,CIS,1986-01-09,Other,LEO,4.132207149075384,0.045837545674544344,1,59699.129808835925,-6.15258497785544,1773.6477478172783,1493.2711952338277,791.0122338892014,73.9948,1481.9187463870503,1696.7875604054716,117.96193005456531,8.302591401559864,1.6747217178344727,1,59699.126217592595,59699.13047933388,spacetrack
265,20220501013,59700.12831828704,547.7683715820312,203.25942993164062,52.540435791015625,203.0578155517578,52.49094009399414,203.4608917236328,52.58988952636719,951.7262573242188,68.01927185058594,5799.5,10,16.11894989013672,25.52742576599121,8.736176490783691,48410,STARLINK-2563,2021-038BK,PAYLOAD,US,2021-05-04,Starlink,LEO,54.647883009118914,0.39481137212939643,1,59700.14309159052,5.079361128970049,650.5551347596672,541.7176435216597,1981.2003438559861,53.0528,545.8943731036798,548.7144120243329,95.59402092405611,8.196395918307658,1.8006664514541626,3,59700.14191724269,59700.14826388098,spacetrack
266,20220501015,59700.168930555556,367.6122131347656,215.6207275390625,52.40287780761719,215.5936737060547,52.49367141723633,215.64784240722656,52.31184387207031,665.3140258789062,169.699462890625,1851.75,5,16.21984100341797,24.388795852661133,12.178622245788574,39243,CZ-4C DEB,2013-046E,DEBRIS,PRC,2013-09-01,Other,LEO,20.60007133400177,0.047510777531755366,1,59700.18288925952,5.698709653399419,1437.3437538804037,1236.3137386928574,988.2613258281718,63.4039,867.6259535036479,1318.0909993639198,107.10932092757476,7.81290801915581,1.8161101341247559,3,59700.1783559802,59700.182611182456,spacetrack
267,20220502012,59701.153239583335,427.954345703125,209.75672912597656,53.668312072753906,209.69439697265625,53.710811614990234,209.8396759033203,53.61175537109375,472.428955078125,139.0119171142578,1536.0,3,17.32450294494629,25.290481567382812,4.601060390472412,10485,SL-6 R/B(2),1977-105E,ROCKET BODY,CIS,1977-10-28,Other,HEO,19.012271139956738,0.7811007657638527,1,59701.168124274154,8.078290640143678,34463.76237341146,33566.2403044973,8.444772008223449,62.7963,560.5108972072367,40395.12156962741,729.996099387509,13.885301794667644,2.3616061210632324,3,59701.1640753881,59701.16902058079,spacetrack
268,20220502024,59701.409306712965,367.8414001464844,229.7766571044922,51.79802322387695,229.71826171875,51.904823303222656,229.8477020263672,51.668113708496094,899.5584716796875,161.3148956298828,3057.75,7,15.86992359161377,24.58342742919922,13.34045696258545,48061,ONEWEB-0163,2021-025V,PAYLOAD,UK,2021-03-25,OneWeb,LEO,11.78786590320442,0.055687857557160214,1,59701.415128273715,0.037555751216132194,1407.0749689646366,1207.2554593269588,994.1502922542967,87.899,1208.7276764668823,1210.805243886678,109.63324114710588,8.00108905038416,1.6829001903533936,2,59701.41401734804,59701.418281813654,spacetrack
269,20220503022,59702.32353819445,367.4908142089844,197.81124877929688,52.33256530761719,197.63882446289062,52.37065505981445,198.00637817382812,52.289459228515625,859.8086547851562,109.87416076660156,2693.5,5,16.20186996459961,24.77766227722168,11.584442138671875,25945,GLOBALSTAR M056,1999-058C,PAYLOAD,GLOB,1999-10-18,Globalstar,LEO,11.51178432609754,0.3479496751716624,1,59702.33003919513,-6.356533813406713,1933.6185968273164,1654.5165636581614,644.0757477496542,51.9962,1658.5452305934596,1660.8199329691033,119.52725575862814,8.66661068129332,1.4151091575622559,2,59702.32826334092,59702.33252084895,spacetrack
270,20220504012,59703.35423726852,368.033203125,211.1051788330078,52.681915283203125,211.06008911132812,52.79774475097656,211.1327667236328,52.61103820800781,690.6146240234375,166.72042846679688,1464.25,4,16.858800888061523,24.772838592529297,7.982978343963623,19788,COSMOS 1997,1989-009D,PAYLOAD,CIS,1989-02-10,Cosmos,LEO,5.485946003824438,0.06354482179378351,1,59703.36309779749,-5.77169691544259,1656.440784138117,1409.9097084454634,837.9437987702207,82.621,1399.8661602170769,1416.06748088528,113.95669580034487,8.37609237452335,1.9306306838989258,2,59703.358945948916,59703.363206656344,spacetrack
271,20220506020,59705.36868865741,427.5191345214844,217.11180114746094,50.792232513427734,217.06228637695312,50.74764633178711,217.23020935058594,50.89885330200195,665.07958984375,35.06807327270508,1245.0,3,16.72279167175293,24.460716247558594,15.128690719604492,20344,USA 40 R/B,1989-061D,ROCKET BODY,US,1989-08-08,Other,HEO,21.84155722603691,0.07254998595627171,1,59705.36889666043,3.706496817874722,8235.60881305242,7631.498951793091,101.55816164836466,57.0256,535.179049198684,8058.647911905122,182.94245978653495,10.355218606030217,1.5460798740386963,1,59705.36868865741,59705.373634255586,spacetrack
272,20220507017,59706.357635416665,367.7570495605469,212.0753173828125,48.37800216674805,212.06915283203125,48.462379455566406,212.0830078125,48.27265930175781,683.7960815429688,177.22372436523438,1651.75,4,16.380373001098633,24.425233840942383,12.991024017333984,20721,SL-14 R/B,1990-066B,ROCKET BODY,CIS,1990-07-30,Other,LEO,7.732337268419087,0.027567574175066056,1,59706.36354925306,-2.2543803200824186,1774.7995277314362,1516.9883745589905,795.1749775569225,73.6002,1482.7880717151866,1521.3553794715854,116.02889230612777,8.085367659530336,1.634512186050415,2,59706.36233976244,59706.36659323431,spacetrack
273,20220509019,59708.35494907408,367.1904602050781,269.2628479003906,64.44039916992188,269.2345275878906,64.46640014648438,269.2901611328125,64.41531372070312,203.18301391601562,154.83807373046875,861.75,2,17.560653686523438,24.899106979370117,7.683916091918945,29256,SL-24 DEB,2006-029C,DEBRIS,CIS,2006-07-12,Other,LEO,108.89398584064907,0.11578897525083676,1,59708.368036556014,0.46611465787282214,1537.7501055721987,1306.8565290081833,835.6135695395062,64.576,511.5944591516163,1752.5364206808208,107.953573297349,8.505383839988086,1.811492919921875,3,59708.3643745019,59708.36862071207,spacetrack
274,20220520009,59719.19123611111,367.30859375,169.14022827148438,53.432254791259766,169.04359436035156,53.520511627197266,169.2288055419922,53.35136032104492,727.0557861328125,146.8817596435547,1772.0,4,16.074222564697266,24.195383071899414,19.821866989135742,43437,SENTINEL 3B,2018-039A,PAYLOAD,ESA,2018-04-25,Other,LEO,63.432241077561,0.21698341102009522,1,59719.198413845595,-0.012127173249609768,949.4138223905744,800.0510577080368,1459.8798322359478,98.6296,802.02974547348,803.2892568289808,100.92958269387697,7.195879719105012,1.558470368385315,2,59719.19594538244,59719.20019421733,spacetrack
275,20220521013,59720.16668981482,367.2236328125,236.75933837890625,51.79798889160156,236.65785217285156,51.64830780029297,236.81431579589844,51.879066467285156,900.813232421875,22.747982025146484,2074.5,5,16.081363677978516,24.373645782470703,12.989727020263672,49060,KL-BETA B,2021-070B,PAYLOAD,GER,2021-08-04,Other,LEO,41.77103187961961,0.14611856554785163,1,59720.17233144185,-1.1604390042484738,1087.9088666058094,902.4008663133727,1294.992772094433,89.0043,901.2039262735871,911.8307771242453,103.12714053942483,7.504269547749271,1.5164014101028442,2,59720.1714004884,59720.1756513253,spacetrack
276,20220521019,59720.26637615741,367.3968811035156,196.72219848632812,53.12942886352539,196.5897216796875,53.001922607421875,196.8240509033203,53.22746658325195,956.8040771484375,31.93963050842285,2218.0,5,15.234963417053223,23.59986686706543,29.75977325439453,38995,MERIDIAN 6,2012-063A,PAYLOAD,CIS,2012-11-14,Other,HEO,17.38768070719061,0.054360797349243484,1,59720.27176738611,-8.481513422273565,37462.38008081255,36502.029367423536,8.076221923336716,65.2878,2584.3095818707825,37790.007059732416,718.1772660986417,12.243137293940269,1.639510989189148,2,59720.271090305185,59720.27533798048,spacetrack
277,20220524006,59723.24967592592,487.7168884277344,194.68234252929688,52.463802337646484,194.6133575439453,52.585540771484375,194.7504119873047,52.34368896484375,921.1122436523438,160.9506072998047,3747.5,7,16.11910057067871,25.05345344543457,8.754142761230469,48239,ONEWEB-0191,2021-031AF,PAYLOAD,UK,2021-04-25,OneWeb,LEO,20.599330676725458,0.052729464427585526,1,59723.25870686619,-0.03906945796916261,1407.15801370822,1202.8669919148797,991.006055421794,87.9038,1204.4095122702956,1207.1533732392836,109.54688663689618,8.474554536949935,2.0236966609954834,2,59723.25577862563,59723.261426773424,spacetrack
278,20220524008,59723.29255092593,428.1582336425781,209.2102508544922,52.51063919067383,209.1144256591797,52.454795837402344,209.3096923828125,52.56857681274414,592.3077392578125,46.24563980102539,1952.5,4,14.605171203613281,22.831647872924805,43.51058578491211,39165,BREEZE-M DEB (TANK),2013-022C,DEBRIS,CIS,2013-05-14,Other,HEO,263.2860619758219,0.00846916771883599,1,59723.30130042427,0.05422910233028233,3465.236441900658,3056.820694622923,407.56202515194605,49.4764,319.87286368810874,17608.309572892358,315.204423169109,7.217455164054466,1.801324725151062,2,59723.29797021061,59723.30292478428,spacetrack
279,20220526014,59725.24473726852,667.8497924804688,194.38792419433594,51.5583610534668,194.38180541992188,51.56482696533203,194.3944854736328,51.55144500732422,55.908180236816406,149.49185180664062,429.5,1,17.68086814880371,24.263277053833008,7.001795768737793,40060,DELTA 2 R/B,2014-035B,ROCKET BODY,US,2014-07-02,Other,HEO,20.581262131588574,0.08315719795331233,1,59725.244951272696,8.511347724648658,7147.177815031782,6613.882911244799,157.0819196532411,98.1688,2369.9735334884153,10144.799435817715,235.58600408678896,9.684251202135735,2.567161798477173,1,59725.24473726852,59725.25246179736,spacetrack
280,20220526014,59725.24473726852,667.8497924804688,194.6392059326172,51.600616455078125,194.52975463867188,51.486019134521484,194.7487335205078,51.71528244018555,959.668212890625,30.67859649658203,2773.75,6,15.186867713928223,23.794536590576172,28.53881072998047,38995,MERIDIAN 6,2012-063A,PAYLOAD,CIS,2012-11-14,Other,HEO,15.397269422055615,0.02248585860295904,1,59725.25084172302,-8.580713315634057,36957.99672145876,36052.01182778467,8.33692245211429,65.287,2576.986441324958,37797.65082899649,718.1837671167443,12.40331223043752,2.567161798477173,1,59725.24473726852,59725.25246179736,spacetrack
281,20220527017,59726.24718287037,367.8078918457031,195.7063751220703,52.08016586303711,195.66920471191406,52.150150299072266,195.755859375,51.98701477050781,617.7791748046875,161.9219512939453,2058.0,5,15.532516479492188,23.816129684448242,23.326993942260742,48210,ONEWEB-0176,2021-031A,PAYLOAD,UK,2021-04-25,OneWeb,LEO,24.96436392989949,0.055981580311652124,1,59726.248409226006,-5.333022711100057,1392.8738160028847,1203.0413270422814,1004.5875936531829,87.9069,1204.2822826245638,1207.3173733427238,109.54728498895152,7.222451012386447,1.8905754089355469,1,59726.24718287037,59726.251440670865,spacetrack
282,20220528020,59727.30982407407,548.0487670898438,219.2542266845703,50.78624725341797,219.14337158203125,50.75440979003906,219.3898162841797,50.825191497802734,616.0753173828125,65.56774139404297,2338.5,5,15.884329795837402,24.306673049926758,14.622295379638672,34712,BREEZE-M DEB (TANK),2009-016C,DEBRIS,CIS,2009-04-03,Other,HEO,74.45216686803633,0.009895536014298045,1,59727.315673783705,0.4792942578205839,8526.752171068252,7906.920077969865,106.5816516750932,46.0421,299.97149045642163,13838.151937301476,258.6469533766109,10.148757749076369,2.558631420135498,1,59727.30982407407,59727.316171289516,spacetrack
283,20220529015,59728.29573958334,487.4651184082031,214.0850067138672,52.89606857299805,214.07470703125,52.84701919555664,214.0965576171875,52.95103454589844,377.436767578125,7.221508979797363,1089.0,3,16.316375732421875,23.908946990966797,12.105077743530273,27000,DELTA 2 DEB (DPAF),2001-055D,DEBRIS,US,2001-12-07,Other,LEO,29.423673550650165,0.05783044820856986,1,59728.29977832045,-5.977604079816956,1547.9487386010048,1321.433840796215,917.2305778960618,66.0409,1312.9128758863899,1331.8314819235238,112.08273637503635,7.4140397536246745,1.6267660856246948,1,59728.29573958334,59728.301375245064,spacetrack
284,20220529017,59728.33508333333,427.7500305175781,272.20745849609375,65.44134521484375,272.09912109375,65.37786865234375,272.3299255371094,65.5130844116211,596.82373046875,35.354984283447266,1337.0,3,16.485349655151367,24.300678253173828,10.210795402526855,7291,COSMOS 651,1974-029A,PAYLOAD,CIS,1974-05-15,Cosmos,LEO,45.56402445768981,0.09195339064008579,1,59728.34703899102,-5.263549360097386,1125.4890908729033,946.6156728836295,1172.1763087684703,64.9711,886.1646776577436,950.525469088956,103.37840594740852,7.539486457596139,1.887192964553833,3,59728.34588854952,59728.35083820293,spacetrack
285,20220530018,59729.26721990741,487.9085693359375,205.35394287109375,50.76025390625,205.3101043701172,50.880104064941406,205.40118408203125,50.63117980957031,919.82421875,166.96798706054688,1815.75,5,16.231908798217773,24.379549026489258,13.853667259216309,40552,GONETS M 11 (M21),2015-020A,PAYLOAD,CIS,2015-03-31,Other,LEO,10.384151941957498,0.07653849654332134,1,59729.27839156798,-5.871602702129167,1733.5626278901816,1482.4514406743938,804.5661482503256,82.4882,1481.899371436578,1506.8552354384747,115.8589937215786,8.02693517356512,2.4716949462890625,2,59729.27332081561,59729.27897506586,spacetrack
286,20220531019,59730.28267939815,427.400146484375,212.01499938964844,53.68113327026367,211.85955810546875,53.709774017333984,212.158447265625,53.65470504760742,667.423095703125,107.27924346923828,2810.5,5,16.875808715820312,25.497766494750977,10.135974884033203,25678,GLOBALSTAR M044,1999-019C,PAYLOAD,GLOB,1999-04-15,Globalstar,LEO,10.614841465940117,0.03818233434604679,1,59730.29805226567,2.3004863557289355,2035.2428138135556,1718.940232907039,604.9708755098487,51.9962,1719.5898799967626,1730.418915487905,120.9872750179972,9.45472215444665,1.8465627431869507,3,59730.29348844917,59730.298433769014,spacetrack
287,20220601016,59731.38823379629,487.990478515625,270.3545837402344,64.40185546875,270.2686462402344,64.34555053710938,270.4162292480469,64.4422836303711,417.0879821777344,33.39133834838867,1127.25,3,15.317190170288086,22.947240829467773,21.485631942749023,45774,STARLINK-1485,2020-038AW,PAYLOAD,US,2020-06-13,Starlink,LEO,91.68342599290327,0.2849055200174462,1,59731.40192236079,-4.911574889032636,661.5846284111246,541.9584384693399,2188.545724459942,53.0561,546.1791069660821,548.2470158972246,95.5921299217173,5.50814235171072,2.3124914169311523,3,59731.40044827398,59731.40609699186,spacetrack
288,20220618010,59748.2121412037,428.1328125,205.634521484375,53.68050003051758,205.6019287109375,53.77970886230469,205.66360473632812,53.59196472167969,688.5433959960938,168.99105834960938,940.5,3,15.872125625610352,23.305522918701172,24.865209579467773,44909,BREEZE-KM R/B,2019-096E,ROCKET BODY,CIS,2019-12-26,Other,LEO,14.93975042902207,0.032038790857058075,1,59748.21472591662,-29.90113095100969,1511.2484938997172,1301.0143532224702,916.6252490625656,82.5217,1175.4722306952235,1509.7764782891218,112.52518990659453,6.811333718266988,1.7863224744796753,1,59748.2121412037,59748.21710242907,satchecker
289,20220620015,59750.199300925924,368.089599609375,203.0041961669922,50.95802307128906,202.92784118652344,51.038021087646484,203.10191345214844,50.855674743652344,765.9840698242188,148.98135375976562,2093.0,5,16.029050827026367,24.330974578857422,14.512330055236816,40287,CZ-2C R/B,2014-066B,ROCKET BODY,PRC,2014-10-27,Other,LEO,82.08753017765957,0.20528087438620446,0,59750.20589059553,-6.56369457783876,799.6483348580894,680.2868356541485,1771.4751532796356,97.9079,672.7089664713349,683.1335840123784,98.31115170791229,7.121426867598071,1.7732722759246826,2,59750.204017177435,59750.20827874282,spacetrack
290,20220622007,59752.15779861111,667.949951171875,190.43719482421875,51.570255279541016,190.34359741210938,51.51395797729492,190.53346252441406,51.62815856933594,591.1954345703125,45.940528869628906,1926.25,4,16.88788414001465,25.09966468811035,8.10409164428711,41885,CYGFM04,2016-078B,PAYLOAD,US,2016-12-15,Other,LEO,14.160890257221581,0.19999381188861776,1,59752.17984319252,-3.3774213334545493,622.0134424830866,508.10623638722245,2300.256292447084,34.9479,506.0959638357326,524.4310251513871,94.93138292728577,7.6065158337773315,1.8492344617843628,3,59752.17417391897,59752.18190828761,spacetrack
291,20220623006,59753.15682175926,367.9085388183594,188.4419708251953,50.00022888183594,188.37327575683594,50.1446418762207,188.4888153076172,49.90177536010742,914.2857666015625,162.99685668945312,1244.0,4,16.307361602783203,24.04441261291504,15.288132667541504,24795,IRIDIUM 5,1997-020D,PAYLOAD,US,1997-05-05,Iridium-NEXT,LEO,67.62582399510393,0.10684212738928522,1,59753.157561762695,1.746458382171113,622.1283237848601,528.3362549555659,2373.4959070295104,86.3985,528.2762068297598,721.4539641885303,97.2044008247526,6.517231968791087,1.3581483364105225,1,59753.15682175926,59753.16107811687,spacetrack
292,20220623011,59753.23845601852,487.3252868652344,217.35304260253906,49.92245864868164,217.31272888183594,50.02104187011719,217.39918518066406,49.80966567993164,786.906005859375,165.24591064453125,1908.0,5,17.206214904785156,25.40766143798828,5.663438320159912,22308,SL-8 R/B,1993-001B,ROCKET BODY,CIS,1993-01-12,Other,LEO,13.1552965526339,0.04572537597550763,1,59753.24986640791,-5.395720595726743,1165.0405995237857,976.9043342837849,1232.178981254439,82.9354,960.8730618924601,997.192456251897,104.67084220220343,8.5922669730632,2.282109498977661,2,59753.24455441044,59753.25019039677,spacetrack
293,20220623011,59753.23845601852,487.3252868652344,217.26483154296875,49.89263916015625,217.25157165527344,49.916404724121094,217.28091430664062,49.86381530761719,201.18019104003906,160.2291259765625,919.75,2,16.620731353759766,24.029905319213867,12.731206893920898,49192,ONEWEB-0322,2021-083G,PAYLOAD,UK,2021-09-14,OneWeb,LEO,26.630419235544878,0.14352963260341767,1,59753.24610514852,3.6493271643994376,1419.3650939268755,1207.1777777097786,991.9230624290162,87.896,1208.139121965508,1211.3882601850264,109.63318113336929,7.450001508427464,2.282109498977661,2,59753.24455441044,59753.25019039677,spacetrack
294,20220624016,59754.29382986111,367.6326599121094,237.67625427246094,50.451377868652344,237.63116455078125,50.514732360839844,237.7201385498047,50.38970947265625,494.14697265625,155.6217498779297,2170.5,4,16.72654914855957,25.067949295043945,7.284540176391602,20234,COSMOS 2040,1989-074C,PAYLOAD,CIS,1989-09-14,Cosmos,LEO,35.70075494811249,0.09333915875501475,1,59754.29636226027,-5.9207694932702,1642.4206013126475,1411.5996932727166,840.9010483787878,82.5861,1407.9399996784396,1416.7525921203614,114.0528557382883,8.667377022135602,1.979505181312561,1,59754.29382986111,59754.29807927422,spacetrack
295,20220625007,59755.15678009259,367.3491516113281,191.1576690673828,50.823848724365234,191.0969696044922,50.726539611816406,191.21786499023438,50.92037582397461,750.0200805664062,21.504518508911133,3453.5,8,14.184880256652832,23.030529022216797,62.103580474853516,50192,STARLINK-3259,2021-125AN,PAYLOAD,US,2021-12-18,Starlink,LEO,8.63546071140604,0.09604721765116508,1,59755.15810387185,0.15481566212838516,629.5180581910905,534.3854631797731,2394.141034437385,53.2159,538.4397679810454,541.0242831017886,95.4372781396437,5.4939452146916,1.9038149118423462,1,59755.15678009259,59755.161035290614,spacetrack
296,20220625011,59755.22675231482,427.7903137207031,215.0382080078125,50.8443489074707,214.96331787109375,50.96760177612305,215.12623596191406,50.699462890625,1033.8900146484375,159.01187133789062,2360.25,6,14.989190101623535,23.421585083007812,33.277042388916016,49210,ONEWEB-0344,2021-083AA,PAYLOAD,UK,2021-09-14,OneWeb,LEO,14.985227954588254,0.1667047671136288,1,59755.240219735606,1.6827961155795492,1439.6431600496765,1206.6946414678669,972.05137521076,87.8966,1208.1484428309304,1211.4051745792267,109.63346542711753,6.863652702793905,2.193542003631592,3,59755.23757522908,59755.24252861101,spacetrack
297,20220626014,59756.173407407405,367.6474609375,197.08926391601562,52.126956939697266,197.05014038085938,52.060523986816406,197.13551330566406,52.20552444458008,555.0477905273438,19.870798110961914,1545.0,4,15.709166526794434,23.681488037109375,25.8702392578125,47833,STARLINK-2423,2021-018AY,PAYLOAD,US,2021-03-11,Starlink,LEO,25.3592251527607,0.14936186218957914,1,59756.17904375527,-3.1312507821712643,651.9223560557167,542.1218009218028,2309.6243797974676,53.0525,546.2119998873131,548.2494424824854,95.59249556424268,6.1839249811666335,1.8766926527023315,2,59756.178118918455,59756.18236859823,spacetrack
298,20220627015,59757.204201388886,367.6243591308594,209.60726928710938,52.437625885009766,209.5382843017578,52.501914978027344,209.6719207763672,52.377384185791016,535.72216796875,146.80770874023438,1536.0,4,15.293030738830566,23.259008407592773,33.85115051269531,44518,BREEZE-KM R/B,2019-057B,ROCKET BODY,CIS,2019-08-30,Other,LEO,27.535419590162746,0.13116983933892357,1,59757.20523691175,0.143466453300789,1090.6842253511438,928.1593904005886,1267.7850922271066,99.1148,664.8954655958369,954.0280452372772,101.07303017336118,6.412685309443173,1.6691219806671143,1,59757.204201388886,59757.208459483605,spacetrack
299,20220628006,59758.16387615741,367.40576171875,194.06895446777344,50.673301696777344,194.0035400390625,50.577911376953125,194.13479614257812,50.76933670043945,751.3837280273438,23.487302780151367,3511.25,8,11.465636253356934,20.32929039001465,324.40093994140625,32264,GLOBALSTAR M070,2007-048B,PAYLOAD,GLOB,2007-10-20,Globalstar,LEO,13.638205411211857,0.02844973487898983,1,59758.17058855386,-8.162337182206102,1659.860597863635,1409.614111189554,849.874802221853,51.9731,1412.4176375326197,1414.792559914711,114.08050021574087,3.917193884054795,1.7744736671447754,2,59758.16858821911,59758.172837548496,spacetrack
300,20220630011,59760.20232060185,367.3663024902344,211.3167266845703,50.15187072753906,211.22930908203125,50.04910659790039,211.36599731445312,50.20979309082031,658.8219604492188,28.592811584472656,1718.5,4,16.96367835998535,25.05155372619629,7.071774959564209,32026,BREEZE-M DEB,2006-006D,DEBRIS,CIS,2006-02-28,Other,HEO,27.1714933153703,0.014646012745224368,1,59760.20399786615,-7.778812755597755,5192.722220439988,4709.656749753404,204.6372614852587,51.096,624.4173342605791,10600.639850654296,217.78329191629496,10.185381045831953,1.4448091983795166,1,59760.20232060185,59760.20657175205,spacetrack
301,20220630017,59760.29857523148,367.8475341796875,243.65582275390625,49.82279586791992,243.613037109375,49.89438247680664,243.7080078125,49.735511779785156,613.0047607421875,158.90835571289062,2189.5,5,16.861902236938477,25.212764739990234,7.197908878326416,47286,ONEWEB-0140,2020-100AE,PAYLOAD,UK,2020-12-18,OneWeb,LEO,6.895434691278979,0.026025607964101027,1,59760.30905553864,-0.07403372449334711,1451.2574440998908,1210.8257675256446,967.3331899964631,87.8882,1212.0666907511786,1215.3737028749101,109.71894022161722,8.660115021147924,1.7906854152679443,3,59760.30800961466,59760.31226391375,spacetrack
302,20220701009,59761.18300810185,367.6755065917969,207.4955596923828,54.22933578491211,207.37063598632812,54.22512435913086,207.6285400390625,54.23381805419922,543.6331787109375,86.69929504394531,2048.75,4,18.137035369873047,26.415756225585938,2.5221166610717773,,,,,,,,,,,,,,,,,,,,,,1.5623230934143066,1,59761.18300810185,59761.18726993461,
303,20220701014,59761.26875925926,367.4145812988281,271.8307189941406,65.35433197021484,271.669189453125,65.30158996582031,272.03131103515625,65.41983032226562,690.473388671875,51.93942642211914,1576.75,3,15.174358367919922,23.168766021728516,28.201156616210938,37192,GLOBALSTAR M075,2010-054E,PAYLOAD,GLOB,2010-10-19,Globalstar,LEO,9.252194349056708,0.21936515418305902,1,59761.270460020336,-6.219744497677311,1650.515165959558,1408.5456962151638,815.701405949717,51.9929,1413.2472055915223,1413.9593704710496,114.08046044965312,6.801228072892577,1.5501257181167603,1,59761.26875925926,59761.27301125294,spacetrack
304,20220703017,59763.261572916665,488.341796875,271.0018615722656,65.39048767089844,270.839111328125,65.4200439453125,271.2411804199219,65.3470230102539,657.5913696289062,113.5633544921875,1599.25,3,17.496614456176758,25.506404876708984,3.996389150619507,,,,,,,,,,,,,,,,,,,,,,1.764024019241333,1,59763.261572916665,59763.26722724003,
305,20220802020,59793.4312974537,367.5140686035156,23.987703323364258,1.322957158088684,23.867420196533203,1.3242003917694092,24.109643936157227,1.3216969966888428,871.8220825195312,90.59229278564453,2873.5,5,16.48577880859375,25.131807327270508,7.24298620223999,40548,PSLV R/B,2015-018B,ROCKET BODY,IND,2015-03-28,Other,HEO,28.91933891318672,0.13208635357148069,1,59793.443441980926,1.167414088966325,5977.088556638349,5449.011536119707,190.29367734956298,19.1634,255.03525947181606,19698.83652014903,346.9272203163818,10.344536548315265,1.7339712381362915,3,59793.440718582926,59793.444974049744,spacetrack
306,20220815013,59806.13209143518,367.6662292480469,269.90087890625,64.72747039794922,269.8858337402344,64.7245101928711,269.9151611328125,64.73027801513672,49.65673065185547,65.25985717773438,442.25,1,18.226470947265625,24.840641021728516,3.0290839672088623,44453,MERIDIAN 8,2019-046A,PAYLOAD,CIS,2019-07-30,Other,HEO,8.626770046885213,2.475461892531996,1,59806.133288189034,3.2125813242746517,34808.32001592267,33859.9546619824,8.758869001758363,62.667100000000005,2211.759034587658,38146.647427731266,717.8546984123418,13.395811106549786,1.5055383443832397,1,59806.13209143518,59806.13634722377,spacetrack
307,20220827024,59818.39902662037,487.67138671875,33.244911193847656,-1.712404489517212,33.162681579589844,-1.7347017526626587,33.33745193481445,-1.6873117685317993,651.6173095703125,74.8221206665039,3781.0,7,16.04570770263672,24.98972511291504,7.393094539642334,20523,INTELSAT 603,1990-021A,PAYLOAD,ITSO,1990-03-14,Other,GEO,5.750456010247262,0.5281225291508207,1,59818.41536205682,0.5655770488665439,36938.487657609694,35983.35521662789,15.007493849576237,13.1314,35973.57450455923,36048.18765065904,1447.5705333266021,12.960244593896128,1.396389126777649,3,59818.41122750925,59818.41687680392,spacetrack
308,20220829013,59820.12804050926,368.1653747558594,269.7368469238281,64.50547790527344,269.6935729980469,64.48291015625,269.80621337890625,64.5416488647461,274.18280029296875,39.53628921508789,793.25,2,16.0162353515625,23.264760971069336,26.142837524414062,44760,STARLINK-1055,2019-074AZ,PAYLOAD,US,2019-11-11,Starlink,LEO,21.74152656334627,0.20852836497978444,1,59820.13445220412,-4.737402977887541,652.4016461689333,542.1530725847242,2193.2351171370265,53.0539,546.3092431996802,548.158316663922,95.59255889518295,5.823338208947602,1.8170745372772217,2,59820.132757337924,59820.13702064394,spacetrack
309,20220905025,59827.39925578704,466.9573669433594,35.245487213134766,-2.205493688583374,35.141658782958984,-2.233534097671509,35.343406677246094,-2.1790482997894287,751.7920532226562,74.87606048583984,3386.75,6,16.247520446777344,25.071979522705078,7.905089855194092,26736,EKRAN 21,2001-014A,PAYLOAD,CIS,2001-04-07,Other,GEO,3.7191058181406333,0.042764559673784674,1,59827.40681616836,-1.6098691910156049,36787.34409809579,35864.62920444627,15.09099010136461,13.4761,35840.75289709552,36120.34562844035,1446.0170795102333,13.036474592834349,1.355218529701233,2,59827.40535303031,59827.41100376045,spacetrack
310,20220905028,59827.42870486111,487.3743896484375,25.22987174987793,-1.9636931419372559,25.12454605102539,-1.968613862991333,25.348644256591797,-1.9581440687179565,807.1554565429688,87.32350158691406,2079.25,4,14.854686737060547,23.14945411682129,41.994361877441406,40946,MORELOS 3,2015-056A,PAYLOAD,MEX,2015-10-02,Other,GEO,4.112633872392735,0.014802688516439844,1,59827.43216923932,-1.3081070132902823,36731.96486345499,35795.633221860924,15.047092733277537,3.6191000000000004,35772.19550770986,35800.59753614303,1436.0866638410328,11.117112651710482,1.5915998220443726,1,59827.42870486111,59827.43434374625,spacetrack
311,20220916006,59838.097877314816,367.8070373535156,269.9794616699219,64.52772521972656,269.73004150390625,64.58643341064453,270.2339172363281,64.46781158447266,889.3681030273438,118.69581604003906,3376.0,7,15.312408447265625,24.13341522216797,20.879377365112305,,,,,,,,,,,,,,,,,,,,,,1.6662677526474,3,59838.107316050286,59838.11156951085,
312,20220921017,59843.30919212963,427.3326110839844,30.970666885375977,1.6058224439620972,30.908390045166016,1.5885584354400635,31.033884048461914,1.623347282409668,468.643798828125,74.49993133544922,1983.0,4,15.53520393371582,23.77851104736328,24.6678409576416,23426,LUCH,1994-082A,PAYLOAD,CIS,1994-12-16,Other,GEO,3.456925437285463,0.017671195924904737,1,59843.31130992425,1.5255127109703608,36833.16410841301,35771.188678340324,15.217169432208602,14.840199999999998,35723.226605001,35789.39453832674,1434.5498867612146,11.733966661693012,1.928186297416687,1,59843.30919212963,59843.31414524488,spacetrack
313,20220923008,59845.09459606482,547.7816772460938,269.05816650390625,64.70012664794922,268.9587097167969,64.71703338623047,269.1678466796875,64.68148040771484,346.26251220703125,111.69011688232422,1837.5,3,16.21022605895996,24.37079429626465,14.18272590637207,43110,CZ-3B R/B,2018-003D,ROCKET BODY,PRC,2018-01-11,Other,HEO,2.7224546255126825,0.03346814726394598,1,59845.099951449134,-4.723980604321696,7852.393231219596,7101.985407068402,134.91753829110922,54.9248,484.915288123344,17494.01469129118,315.9866985838101,9.956914040210478,2.0559442043304443,1,59845.09459606482,59845.10093429947,spacetrack
314,20220923020,59845.36199884259,367.2658386230469,14.909195899963379,-0.6871517896652222,14.885893821716309,-0.69413822889328,14.935544967651367,-0.6792518496513367,186.5923614501953,73.30913543701172,855.5,2,17.35114860534668,24.681697845458984,6.422552585601807,19919,TELE-X,1989-027A,PAYLOAD,SWED,1989-04-02,Other,GEO,2.896884351036988,0.02607968628339563,1,59845.369288984075,-0.04836809792323038,37100.59886645881,36125.73901746664,14.933537697246816,15.141799999999998,36053.90581126657,36140.71712876199,1452.000142296014,12.65758251651705,1.5215543508529663,2,59845.366702862,59845.3709493731,spacetrack
315,20220923022,59845.3950462963,428.1075439453125,27.003116607666016,-0.7957745790481567,26.945711135864258,-0.8118215203285217,27.07472801208496,-0.7757571935653687,482.2281188964844,74.38138580322266,2446.5,4,15.762423515319824,24.23378562927246,15.915244102478027,20203,USA 44,1989-069B,PAYLOAD,US,1989-09-04,Other,GEO,3.893839386120135,0.03161294284686278,1,59845.39917245183,-1.129070488794241,37020.55205855908,36069.07158757154,14.973449937777307,14.1845,36070.015324420725,36156.476786592466,1452.8172916896842,12.206772511238503,1.8810384273529053,1,59845.3950462963,59845.40000578456,spacetrack
316,20220924015,59846.2785625,427.2682800292969,23.61705780029297,1.7444019317626953,23.59636688232422,1.7083903551101685,23.636672973632812,1.7785438299179077,291.2342224121094,29.86756706237793,1294.25,2,16.987863540649414,24.76791000366211,6.198580741882324,40751,YZ-1 R/B,2015-037D,ROCKET BODY,PRC,2015-07-25,Other,MEO,2.338741532776112,0.05108333653970476,1,59846.28699037736,15.479968080064282,23733.515110178832,22798.722050428813,31.27379292273316,56.5362,21854.175939911147,28039.421980015308,919.591559066525,11.9412482172779,2.170379877090454,2,59846.2839595118,59846.28891059149,spacetrack
317,20220925016,59847.23561921297,428.1657409667969,12.734018325805664,2.070991277694702,12.686725616455078,2.060992479324341,12.78811264038086,2.082427978515625,372.8298034667969,78.0547103881836,1696.25,3,17.209383010864258,25.283105850219727,3.861074447631836,20110,SL-12 R/B(2),1989-052D,ROCKET BODY,CIS,1989-07-05,Other,GEO,3.3771808429207795,0.023115706062100116,1,59847.24238558149,1.0499662313377485,36269.1528585258,35138.516222492115,15.574374837041974,12.3583,34896.4014528787,35148.61416888259,1397.2378974309781,13.213371738271501,1.7320501804351807,2,59847.241032691185,59847.24598822665,spacetrack
318,20220926015,59848.29427546296,427.3827209472656,25.933107376098633,-0.06767535209655762,25.858854293823242,-0.09036357700824738,26.06089973449707,-0.028627479448914528,760.56298828125,73.00923156738281,2348.25,4,15.16174030303955,23.58860206604004,22.407211303710938,20771,BS-3A (YURI 3A),1990-077A,PAYLOAD,JPN,1990-08-28,Other,GEO,3.164172231390694,0.00020496025379657112,1,59848.30247332592,-22.066958088835236,37191.29929105498,36238.1541352461,14.901381578613787,15.512400000000001,36160.40175548404,36242.59748215221,1457.3458402618405,11.566825424011173,1.6713316440582275,2,59848.29968429749,59848.30462583937,spacetrack
319,20220927021,59849.28712615741,367.6570739746094,24.52310562133789,-0.3509744107723236,24.463632583618164,-0.3168659210205078,24.599485397338867,-0.39477968215942383,563.7842407226562,119.8355484008789,1981.75,4,15.796759605407715,24.039382934570312,16.83658790588379,24675,ATLAS 2A CENTAUR R/B,1996-070B,ROCKET BODY,US,1996-12-18,Other,HEO,7.999366753688264,0.03893149197322998,1,59849.29921556966,-1.2751735820202157,30982.06036068225,30067.64920352212,11.32268321063252,22.266100000000005,1077.7504522083136,35715.60304998784,646.8078393649138,12.315799013870322,1.4819563627243042,3,59849.29655525759,59849.30081161415,spacetrack
320,20220928018,59850.281236111114,367.5826110839844,25.9609375,1.0933903455734253,25.940004348754883,1.0875455141067505,25.98193359375,1.0992529392242432,156.69174194335938,74.39663696289062,1177.75,2,16.742387771606445,24.420021057128906,8.777175903320312,16276,SATCOM K2,1985-109D,PAYLOAD,US,1985-11-27,Other,GEO,2.539804393012446,0.27822584708300724,1,59850.28562794267,-6.107417013379745,37016.09671255748,36011.13394439523,15.056403270444738,14.961200000000002,35936.347940134816,36012.82000951575,1445.7116307681406,12.387008090907713,1.6654558181762695,1,59850.281236111114,59850.28548899594,spacetrack
321,20220928020,59850.33646180556,367.9792785644531,12.710823059082031,-1.4025726318359375,12.65040397644043,-1.4209346771240234,12.81047248840332,-1.3722881078720093,602.106689453125,73.09063720703125,1291.0,3,17.29262924194336,25.0699462890625,5.2461113929748535,15642,NAHUEL I1 (ANIK C1),1985-028B,PAYLOAD,ARGN,1985-04-12,Other,GEO,2.507676004154291,0.16784114240377335,1,59850.345731796544,-0.27155170653713867,36952.52159236428,35972.96463993526,15.016308571343716,15.0272,35880.64543859636,36038.03924436104,1444.931290406525,13.039827520428267,1.730608582496643,2,59850.34119008149,59850.34545134523,spacetrack
322,20220928022,59850.37256134259,427.7814636230469,25.252859115600586,-1.3851908445358276,25.18513298034668,-1.4041472673416138,25.308879852294922,-1.369510293006897,462.4855041503906,74.35863494873047,718.25,2,17.906818389892578,25.047508239746094,4.84907341003418,19217,PAS 1,1988-051C,PAYLOAD,US,1988-06-15,Other,GEO,3.0879134357348903,0.09223470691085822,1,59850.38829771818,-1.3034233778016642,37074.89402994028,36029.39954922454,14.975438978775003,13.9994,36024.61803259799,36047.17381424306,1448.8520951110631,13.02034920493945,1.9663701057434082,3,59850.38338079396,59850.38833217317,spacetrack
323,20220928024,59850.41203587963,547.69775390625,32.21625518798828,2.065749168395996,32.16331100463867,2.0434679985046387,32.272090911865234,2.0892460346221924,424.64508056640625,67.16426086425781,1669.5,3,15.557411193847656,23.61387825012207,28.779752731323242,27500,ATLAS 5 CENTAUR R/B,2002-038B,ROCKET BODY,US,2002-08-21,Other,HEO,18.438255262464054,0.009047615071352766,1,59850.41422888593,-13.683658329129685,18637.682207412116,17810.41100171077,28.822997330149946,18.2739,247.63221257686382,25074.18021090218,435.7399116519778,10.87582003150828,1.7333621978759766,1,59850.41203587963,59850.41837772058,spacetrack
324,20220929014,59851.26487037037,488.6531677246094,22.73484230041504,1.3669118881225586,22.61271858215332,1.3685097694396973,22.85063362121582,1.3653968572616577,856.3236083984375,90.74982452392578,2012.75,4,17.411697387695312,25.671171188354492,4.521884918212891,8516,TITAN 3C TRANSTAGE R/B,1975-118C,ROCKET BODY,US,1975-12-14,Other,GEO,0.9027012463093342,0.02412378551936456,1,59851.26829493789,6.339255608792882,36747.17158283435,35693.89947458395,15.181265788130048,5.7572,35644.37113904669,35772.36461159112,1432.102128612955,13.629192649432301,2.012672185897827,1,59851.26487037037,59851.2705277688,spacetrack
325,20220929015,59851.28565740741,368.1157531738281,29.510610580444336,1.2366873025894165,29.387802124023438,1.239884376525879,29.630786895751953,1.2335586547851562,874.8352661132812,91.49163818359375,2467.25,4,16.771236419677734,25.251768112182617,6.120828151702881,8516,TITAN 3C TRANSTAGE R/B,1975-118C,ROCKET BODY,US,1975-12-14,Other,GEO,1.7616116086628608,0.021886808024603965,1,59851.2868888566,6.838144497829489,36748.488220063526,35686.70298103873,15.184107583236958,5.7572,35644.37113904669,35772.36461159112,1432.102128612955,13.209586766302966,1.814165472984314,1,59851.28565740741,59851.28991317975,spacetrack
326,20220930014,59852.40018055555,607.4995727539062,31.972393035888672,2.11928129196167,31.885656356811523,2.1462714672088623,32.06536102294922,2.0903518199920654,677.1185302734375,107.29579162597656,2097.5,4,15.746443748474121,24.05069923400879,7.673122406005859,21151,INMARSAT 2-F2 R/B(PAM-D),1991-018C,ROCKET BODY,US,1991-03-08,Other,HEO,48.743789258389825,0.20554098702316992,1,59852.41584763521,7.60458109335741,9906.617279095257,9168.330911751767,76.02306831050328,23.2021,286.0965647286366,9795.673916994154,202.3964982257417,10.25962582054541,1.5627694129943848,1,59852.40018055555,59852.40721006563,spacetrack
327,20221001021,59853.3071412037,367.7918395996094,32.534912109375,-1.2653536796569824,32.4769287109375,-1.394180178642273,32.57937240600586,-1.1665701866149902,898.5280151367188,24.22633171081543,4093.25,7,14.351073265075684,23.381242752075195,36.63726806640625,32379,ATLAS 5 CENTAUR R/B,2007-060B,ROCKET BODY,US,2007-12-10,Other,HEO,2.480228084607461,0.021968003318214357,1,59853.31651656822,0.07530392875196412,14537.714783860025,13763.690850252053,41.29208315974206,60.8779,352.39399712481463,13865.512151340981,259.7987280438299,10.252867590996804,1.5254838466644287,2,59853.31185881367,59853.31611143183,spacetrack
328,20221003023,59855.34440740741,367.5163879394531,21.492048263549805,-2.1840171813964844,21.40825080871582,-2.1881372928619385,21.576799392700195,-2.179849863052368,607.0661010742188,87.18304443359375,2147.5,4,13.58201789855957,21.911849975585938,91.68750762939453,40946,MORELOS 3,2015-056A,PAYLOAD,MEX,2015-10-02,Other,GEO,5.918851316369,0.026628833070617475,1,59855.34533895281,-0.512760782323312,36741.989855596854,35794.39085320036,15.043286149908804,3.5847000000000007,35774.7017624136,35798.094645435136,1436.086749772076,9.879784671196916,1.6863269805908203,1,59855.34440740741,59855.34866029824,spacetrack
329,20221003026,59855.39528009259,427.3869934082031,31.526697158813477,2.3885562419891357,31.428571701049805,2.392530918121338,31.645353317260742,2.3837502002716064,780.3756103515625,92.32151794433594,1719.0,3,17.69045066833496,25.778640747070312,3.1991357803344727,9855,TITAN 3C TRANSTAGE R/B,1977-007C,ROCKET BODY,US,1977-02-06,Other,GEO,8.089011447225403,0.2029802220877457,1,59855.40047432698,6.929406302282587,36754.616677018246,35811.0070026943,15.129656064313608,6.867600000000001,35744.629388772955,35863.24537631267,1436.9828963410137,13.740358354231056,1.7950853109359741,1,59855.39528009259,59855.40022529341,spacetrack
330,20221004021,59856.39382754629,547.59130859375,32.5184326171875,1.6462379693984985,32.49067306518555,1.6388378143310547,32.540771484375,1.6521940231323242,186.58676147460938,75.06678771972656,791.5,2,17.79973793029785,25.045866012573242,3.6944191455841064,26246,SL-12 R/B(2),2000-019D,ROCKET BODY,CIS,2000-04-17,Other,GEO,1.3318166736610237,0.04084812390730974,1,59856.41196107972,0.5233076710137539,37102.372344716896,35989.91015725328,15.040246053721313,14.343100000000002,35945.03728232622,36031.897290333654,1446.4225500489827,13.01401850816743,2.104804754257202,3,59856.40741982905,59856.41376009891,spacetrack
331,20221020014,59872.16734143518,367.7325439453125,13.264728546142578,2.0011448860168457,13.156521797180176,2.0005552768707275,13.36938762664795,2.0017151832580566,765.861328125,89.68758392333984,2459.25,5,14.875959396362305,23.35296630859375,24.218904495239258,,,,,,,,,,,,,,,,,,,,,,1.3754267692565918,1,59872.16734143518,59872.17160531376,
332,20221028009,59880.15178356481,427.7087097167969,14.515242576599121,2.2559914588928223,14.480767250061035,2.242194890975952,14.548294067382812,2.2692182064056396,261.6668701171875,68.17406463623047,1702.0,3,17.740571975708008,25.817970275878906,1.5593129396438599,,,,,,,,,,,,,,,,,,,,,,2.1789610385894775,3,59880.1625934925,59880.16754776806,
333,20221030016,59882.25273148148,367.9002990722656,13.451906204223633,-0.9065073132514954,13.374818801879883,-0.9292346835136414,13.534432411193848,-0.8821765780448914,598.9928588867188,73.57121276855469,2811.75,5,16.34317398071289,24.96561622619629,8.59382438659668,21055,ITALSAT 1,1991-003A,PAYLOAD,IT,1991-01-15,Other,GEO,0.4132013504090537,0.01564473059482907,1,59882.265269574,-1.1662293244153261,36817.834077140666,35824.369667334584,15.126864784253364,14.850300000000002,35822.370413378514,35928.17294370158,1440.6295695281792,12.92753406108086,1.6028337478637695,3,59882.262170842136,59882.26642545947,spacetrack
334,20221118013,59901.10975347222,367.9234313964844,17.022706985473633,2.068176031112671,16.901382446289062,2.0352680683135986,17.11215591430664,2.092437744140625,785.723876953125,74.81494903564453,1545.25,3,16.270877838134766,24.24337387084961,12.540129661560059,15629,INTELSAT 510,1985-025A,PAYLOAD,ITSO,1985-03-22,Other,GEO,1.5651520368521687,0.07023872524928265,1,59901.11569734022,0.33223157323664054,37279.51863996265,36254.52938610999,14.95187847718358,14.7924,36230.62728908464,36477.50831756055,1465.1856326094646,12.21792595521876,1.877082109451294,3,59901.11918026945,59901.123445880185,spacetrack
335,20221123006,59906.10775347222,367.9989318847656,21.293582916259766,1.6896674633026123,21.242877960205078,1.8137708902359009,21.32280731201172,1.6181399822235107,760.7393798828125,157.78501892089844,2403.5,4,16.30853271484375,24.760643005371094,9.609478950500488,,,,,,,,,,,,,,,,,,,,,,1.9809458255767822,2,59906.11248132289,59906.11673999476,
336,20221123009,59906.16710416666,487.8583679199219,33.42045974731445,-2.3179574012756348,33.38032913208008,-2.3285298347473145,33.47259521484375,-2.3042216300964355,343.2333068847656,75.22900390625,1958.5,4,14.8035306930542,23.03333854675293,40.31328201293945,21222,ANIK E2,1991-026A,PAYLOAD,CA,1991-04-04,Other,GEO,2.6267374657209075,0.07325571992018354,1,59906.17233272372,-1.698602000134997,37098.376586610975,36089.077341452445,14.9296052840681,13.0518,36088.78891562152,36133.10502811818,1452.6993817795665,11.009509451239452,2.1362762451171875,1,59906.16710416666,59906.172754626234,spacetrack
337,20221123010,59906.21145023148,488.0419006347656,17.026567459106445,2.4569809436798096,16.977018356323242,2.443890333175659,17.067590713500977,2.4678189754486084,336.95928955078125,75.18799591064453,1824.25,3,16.896686553955078,25.04939842224121,7.366840362548828,22115,SL-12 R/B(2),1992-059D,ROCKET BODY,CIS,1992-09-10,Other,GEO,1.2846590595017915,0.11917721978443296,1,59906.21640645977,-8.34554612467764,36810.47757883571,35916.75356859378,15.106336001747882,14.638300000000001,35887.65601704276,35957.13040457619,1443.0401537046205,13.012790223637467,1.75645911693573,1,59906.21145023148,59906.217094319094,spacetrack
338,20221124011,59907.10278472222,367.218017578125,17.48980712890625,0.8300226330757141,17.468862533569336,0.823894202709198,17.510221481323242,0.8359951376914978,155.1204833984375,73.68990325927734,1156.25,2,17.061809539794922,24.719438552856445,6.679872035980225,15308,GALAXY 3,1984-101A,PAYLOAD,US,1984-09-21,Other,GEO,0.8178521080083101,0.5221101516556814,1,59907.10805568034,1.3082311731996015,36890.05224028162,35889.11908642021,15.136040366425727,14.8086,35889.51436251818,35930.973889413275,1442.4185175525654,12.68069884391874,1.8329368829727173,2,59907.107489585804,59907.11174421091,spacetrack
339,20221124016,59907.20515625,547.4325561523438,21.252521514892578,-1.6505335569381714,21.138254165649414,-1.6731303930282593,21.349123001098633,-1.6314302682876587,773.5203247070312,78.80931854248047,2115.0,4,14.792682647705078,23.105958938598633,26.753093719482422,40334,ARIANE 5 R/B,2014-078C,ROCKET BODY,FR,2014-12-06,Other,HEO,11.793473664550902,0.009311049760285073,1,59907.208811699355,1.2748163999640383,21285.64942559096,20416.790787486694,21.778577390257343,6.5094,205.27973685044344,31652.57887596285,552.6158778699262,10.67217544101722,2.270155191421509,1,59907.20515625,59907.21150114836,spacetrack
340,20221124017,59907.22798611111,547.4159545898438,31.266624450683594,-1.8111932277679443,31.25822639465332,-1.8117836713790894,31.275129318237305,-1.8105950355529785,60.97492218017578,85.97576904296875,649.0,1,15.828231811523438,22.858842849731445,27.196044921875,40946,MORELOS 3,2015-056A,PAYLOAD,MEX,2015-10-02,Other,GEO,1.9720971238882612,1.6732145453067062,1,59907.23038031929,-6.579804213310126,36715.67794456021,35787.27932292579,15.05727206520805,3.5183,35784.643939626585,35788.51466039933,1436.0960017411867,10.825768442472704,2.044196367263794,1,59907.22798611111,59907.2343130698,spacetrack
341,20221128026,59911.424857638885,487.8568420410156,164.56312561035156,49.00127410888672,164.49432373046875,48.98526382446289,164.6355743408203,49.01813888549805,353.9640197753906,70.46720886230469,2292.5,4,16.179521560668945,24.58029556274414,7.865047454833984,37189,GLOBALSTAR M074,2010-054B,PAYLOAD,GLOB,2010-10-19,Globalstar,LEO,19.47124468234165,0.20297537247935793,1,59911.44235389307,-4.036173866596073,1681.0382082616381,1408.7997198383964,739.5396250013197,52.0013,1412.9548605850268,1414.271666041528,114.08067952499,8.319181932662723,2.6312386989593506,3,59911.43707033426,59911.442718475344,spacetrack
342,20221202028,59915.48447106482,487.8783264160156,184.72323608398438,50.74143981933594,184.5778045654297,50.821346282958984,184.86630249023438,50.66283416748047,870.3968505859375,130.9664764404297,2100.0,4,16.021987915039062,24.32753562927246,12.29852294921875,48863,YAOGAN-30 AC,2021-055D,PAYLOAD,PRC,2021-06-18,Yaogan,LEO,14.970318008670347,0.3371813615945882,1,59915.50134348114,-1.5263506844057702,698.5533755203917,585.5449191551388,2044.0954727911292,34.9989,591.6031053296683,598.2037835211604,96.58124946069182,6.96257384392691,3.200000047683716,3,59915.496685564394,59915.50232707426,spacetrack
343,20221203021,59916.416391203704,486.9382019042969,164.54100036621094,48.740509033203125,164.53121948242188,48.645057678222656,164.55081176757812,48.83615493774414,689.5247192382812,3.8671369552612305,1295.75,3,16.88041114807129,24.661714553833008,4.458467960357666,8890,COSMOS 826,1976-054B,PAYLOAD,CIS,1976-06-15,Cosmos,LEO,5.72322744695839,0.031659010535463494,1,59916.43344848749,-0.466153591114562,1746.5859474957538,1483.0180437078852,811.0866252613757,74.00040000000001,1481.5928388589036,1544.1210590624687,116.26717773067311,8.300336724846217,1.765480637550354,3,59916.4285838818,59916.43421755989,spacetrack
344,20221213010,59926.06215740741,548.099365234375,21.518592834472656,0.43046462535858154,21.457401275634766,0.3358605206012726,21.569486618041992,0.5091462135314941,742.9461059570312,32.894866943359375,1825.0,3,16.35267448425293,24.505830764770508,9.780681610107422,13243,COSMOS 1372,1982-052A,PAYLOAD,CIS,1982-06-01,Cosmos,LEO,41.871454156910204,0.05177670957137792,1,59926.06738844057,-6.91180278203683,1117.634773580411,936.0592041581613,1287.766604172206,64.9033,908.612974358557,976.8139988598086,103.8967250276072,7.6425293934872975,2.440789222717285,1,59926.06215740741,59926.06849941508,spacetrack
345,20221213013,59926.14184375,487.6494140625,18.371938705444336,-1.828741192817688,18.364595413208008,-1.7850459814071655,18.37800407409668,-1.8648358583450317,291.2667541503906,170.4661102294922,1218.5,2,17.358678817749023,25.0732421875,5.734628677368164,20262,SL-14 R/B,1989-080C,ROCKET BODY,CIS,1989-09-28,Other,MEO,31.319161740583468,0.09913812620271756,1,59926.15562542776,0.4713755999109708,2663.060127060448,2307.570583242413,445.34419859391403,82.5937,498.11157856595764,2438.0759478061864,115.27925984009772,9.362793786451487,2.2863025665283203,3,59926.154040532434,59926.15968635715,spacetrack
346,20221215010,59928.10630208333,607.5192260742188,33.530517578125,-1.5508720874786377,33.38319396972656,-1.5912773609161377,33.638126373291016,-1.5213590860366821,951.3209228515625,74.65767669677734,3144.5,6,17.015663146972656,25.75954246520996,5.2246575355529785,26480,SL-12 R/B(2),2000-049D,ROCKET BODY,CIS,2000-08-28,Other,GEO,1.5674228867794682,0.015232053572347581,1,59928.10716992323,-11.041443280235399,37325.390803487026,36314.32761158706,14.826221542668645,13.7274,36314.81369159649,36445.22606397374,1466.5205876372438,13.743256564262317,2.652378797531128,2,59928.11378176795,59928.12081889682,spacetrack
347,20221219012,59932.14052777778,547.84912109375,24.234169006347656,-1.6456769704818726,24.160890579223633,-1.7732212543487549,24.279884338378906,-1.5661075115203857,859.8165893554688,29.868267059326172,1801.0,3,16.756343841552734,24.89512825012207,7.432106018066406,48859,NAVSTAR 81 (USA 319),2021-054A,PAYLOAD,US,2021-06-17,GPS/GNSS,MEO,6.731092115609272,0.013186041106838076,1,59932.15565808346,-2.286769253143575,21117.204441281425,20203.319519085144,35.46213075367159,55.2625,20157.959797588555,20206.591909861723,717.9792832063798,11.932006689628732,2.084150791168213,3,59932.154124854336,59932.16046628203,spacetrack
348,20221219013,59932.16349074074,547.8402709960938,32.25273895263672,-1.8282170295715332,32.21394348144531,-1.829943060874939,32.29243850708008,-1.8264508247375488,282.7247009277344,87.4513931274414,1288.25,2,15.241646766662598,23.016647338867188,31.611873626708984,40946,MORELOS 3,2015-056A,PAYLOAD,MEX,2015-10-02,Other,GEO,5.924417449881503,0.22886005523855601,1,59932.16481491168,-5.035474782111123,36713.28561198818,35784.13399346218,15.058706286445526,3.4868,35780.10223249643,35793.45164361602,1436.1060988404213,10.983468620836224,2.436899423599243,1,59932.16349074074,59932.16982927351,spacetrack
349,20221220009,59933.080414351854,547.7318725585938,31.404571533203125,-2.0770437717437744,31.39268684387207,-2.1702117919921875,31.418176651000977,-1.9703800678253174,725.2156372070312,7.264561653137207,2381.5,4,16.11672019958496,24.558847427368164,12.267729759216309,54145,ONEWEB-0529,2022-138AJ,PAYLOAD,UK,2022-10-22,OneWeb,LEO,73.81480134138201,0.06325760899602528,1,59933.08533100806,-2.0703333154669963,1085.0463154398535,901.6619745836288,1249.883870490885,87.6677,896.6641786134996,923.4015512427759,103.2018020083849,7.727963138142382,2.4584903717041016,1,59933.080414351854,59933.086759526435,spacetrack
350,20221222007,59935.069891203704,427.6914978027344,31.769594192504883,-0.9152020812034607,31.669864654541016,-0.9118474125862122,31.87017822265625,-0.918585479259491,721.4462280273438,91.92679595947266,2509.5,4,16.885040283203125,25.384008407592773,4.8805131912231445,6691,OPS 6157,1973-040A,PAYLOAD,US,1973-06-12,Other,GEO,2.8825436245938363,0.06302809997653469,1,59935.074770863655,-10.367785591108259,36979.155074749215,35927.19596550455,14.986226927762488,4.0402,35890.4793478267,35940.41114866778,1442.684634128264,13.35606815475627,2.5057926177978516,1,59935.069891203704,59935.0748382663,spacetrack
351,20221226010,59939.13082291667,427.4415588378906,21.544025421142578,1.6284254789352417,21.465011596679688,1.6636894941329956,21.632789611816406,1.588810682296753,661.1993408203125,114.05975341796875,2124.5,4,16.616825103759766,24.934967041015625,8.034088134765625,1001,TITAN 3A TRANSTAGE R/B,1965-008A,ROCKET BODY,US,1965-02-11,Other,MEO,0.7349732689590383,0.10914809129228331,1,59939.13279593566,-6.387339920096565,3133.997387511272,2790.08702323906,410.5244415282128,32.1437,2763.6192286328824,2794.675235594872,145.34819051313815,9.312910027891052,2.5666494369506836,1,59939.13082291667,59939.13576419046,spacetrack
352,20230101018,59945.488380787036,607.7489624023438,216.18739318847656,50.834930419921875,216.1627197265625,50.87738800048828,216.216064453125,50.78555679321289,352.13739013671875,159.85569763183594,1571.0,4,14.947400093078613,22.937841415405273,32.67756271362305,52332,STARLINK-3831,2022-045B,PAYLOAD,US,2022-04-29,Starlink,LEO,50.45545877453037,0.034832197307594015,1,59945.50818190572,3.311200968862977,638.3359306979183,536.0237460717199,2361.12805878843,53.2196,538.2821442834029,541.2416205697054,95.43789598823385,5.416332333061174,2.3846194744110107,3,59945.50336244964,59945.51039773616,spacetrack
353,20230110008,59954.070856481485,547.810302734375,15.943816184997559,1.2423313856124878,15.940424919128418,1.3415477275848389,15.947792053222656,1.1259645223617554,776.5523681640625,178.0432891845703,2668.25,6,16.492948532104492,25.058515548706055,8.125723838806152,17291,SL-14 R/B,1987-001B,ROCKET BODY,CIS,1987-01-05,Other,LEO,26.87752027873671,0.01935556865402077,1,59954.08263930234,-5.357110284268856,1113.0537825245956,944.4241507893339,1225.2007486783466,82.4668,938.385457024996,956.8316793296653,104.0009481824224,8.249287326520134,1.6551593542099,2,59954.07766372893,59954.08401036439,spacetrack
354,20230110008,59954.070856481485,547.810302734375,15.964235305786133,1.1719611883163452,15.933287620544434,1.131351351737976,15.99264144897461,1.209234595298767,352.49102783203125,37.30480194091797,2266.25,4,16.574726104736328,24.962995529174805,7.989346981048584,47788,STARLINK-2314,2021-018B,PAYLOAD,US,2021-03-11,Starlink,LEO,95.98319665440727,0.16088693477207272,1,59954.08373280578,-3.3345136443385854,649.7406844906059,542.4063515101043,1989.8073266648414,53.0524,545.5970561117301,548.8242671900598,95.59208023465492,7.627258716339931,1.6551593542099,2,59954.07766372893,59954.08401036439,spacetrack
355,20230110009,59954.09387152778,368.1993713378906,21.75956916809082,1.7950624227523804,21.710803985595703,1.7968062162399292,21.791259765625,1.7939293384552002,289.6835021972656,92.0489273071289,924.75,2,16.870773315429688,24.28583335876465,7.320537567138672,40273,ARIANE 5 R/B,2014-062C,ROCKET BODY,FR,2014-10-16,Other,HEO,11.89349959748256,1.9534906851027785,1,59954.101169514186,-5.269743653247133,33954.25876506994,33014.16301254128,8.079588881270329,6.3809,274.5355464429149,33106.138753894935,581.1496460500009,12.928651641207372,1.7931804656982422,2,59954.09860040842,59954.10286486803,spacetrack
356,20230110009,59954.09387152778,368.1993713378906,21.754859924316406,1.7973690032958984,21.70989418029785,1.7977410554885864,21.791555404663086,1.7970653772354126,293.8476257324219,90.4742431640625,847.75,2,15.236266136169434,22.556936264038086,31.8631534576416,40273,ARIANE 5 R/B,2014-062C,ROCKET BODY,FR,2014-10-16,Other,HEO,4.567719716447982,0.3789154808017088,1,59954.101169514186,-5.269743653247133,33954.25876506994,33014.16301254128,8.079588881270329,6.3809,274.5355464429149,33106.138753894935,581.1496460500009,11.199753108103849,1.7931804656982422,2,59954.09860040842,59954.10286486803,spacetrack
357,20230122011,59966.07740393518,367.3536071777344,27.275466918945312,2.2552716732025146,27.14820671081543,2.3017048835754395,27.378690719604492,2.21760892868042,882.6392822265625,110.05976867675781,2361.25,4,16.289949417114258,24.72280502319336,8.438375473022461,44449,YAOGAN-30 N,2019-045A,PAYLOAD,PRC,2019-07-26,Yaogan,LEO,100.24035747638891,0.060530843969658576,1,59966.08157941346,0.45827004429884255,700.6010255551388,592.4265461078694,2107.948561975452,34.9968,590.1535265713146,597.7042717741178,96.56100301212994,7.324444954791867,1.935632586479187,1,59966.07740393518,59966.08165624569,spacetrack
358,20230122018,59966.34903009259,607.9678344726562,182.28208923339844,52.782833099365234,182.2376251220703,52.7462043762207,182.3131866455078,52.80845642089844,278.015869140625,36.28376770019531,895.0,2,17.744701385498047,25.124258041381836,5.112699031829834,41033,FREGAT R/B,2015-066B,ROCKET BODY,CIS,2015-11-17,Other,HEO,25.673953850878206,0.3067041974623379,1,59966.36932725925,-21.698644977877848,32870.74229285874,32036.301817745585,10.408700553578042,63.238699999999994,1420.5170177858563,38765.70897204917,714.3669522656133,13.492058320350775,2.270073652267456,3,59966.364022753536,59966.37105669148,spacetrack
359,20230123020,59967.473466435185,667.4452514648438,232.54580688476562,51.5460205078125,232.512451171875,51.463260650634766,232.58203125,51.63589096069336,640.6987915039062,14.070653915405273,1476.0,4,16.433120727539062,24.355836868286133,11.429522514343262,19921,COSMOS 2016,1989-028A,PAYLOAD,CIS,1989-04-04,Cosmos,LEO,42.15572449560909,0.005920021458507563,1,59967.49175792825,-7.561576915613841,1154.5042635824661,977.9409595084198,1236.6874730041739,82.9614,951.0023932628746,1011.3324827893257,104.71640080399042,7.536477350131376,2.966630458831787,1,59967.473466435185,59967.481193962805,spacetrack
360,20230125021,59969.449621527776,488.0910949707031,225.44129943847656,50.202701568603516,225.3726806640625,50.072593688964844,225.49746704101562,50.30921936035156,899.0715942382812,18.652023315429688,1957.75,5,17.015850067138672,25.245243072509766,7.3654608726501465,54121,ONEWEB-0503,2022-138J,PAYLOAD,UK,2022-10-22,OneWeb,LEO,38.28875452060743,0.02470014543753507,1,59969.464508276265,2.790638826554641,1359.4587756299752,1157.738822635848,1048.4487027514667,87.9591,1159.201115572213,1161.3978153754533,108.56290992421825,8.605165815004234,2.5009570121765137,3,59969.46184253283,59969.46749789323,spacetrack
361,20230126013,59970.28613078703,607.4967651367188,150.2338104248047,1.8078746795654297,150.13002014160156,1.804628849029541,150.33444213867188,1.8110216856002808,735.9326782226562,88.20793914794922,2351.25,4,16.73381805419922,25.162065505981445,6.906320095062256,40896,BLOCK DM-SL R/B,2015-048B,ROCKET BODY,CIS,2015-09-14,Other,GEO,10.004331261603738,0.00881227984150712,1,59970.30519804864,4.60353352886159,36876.41175720073,35925.33136226297,15.11044088684553,6.053,35853.13399478564,36639.228686466005,1459.6403808984282,13.125162868039592,2.2605178356170654,2,59970.29362433455,59970.300659630244,spacetrack
362,20230316008,60019.347803240744,367.2234802246094,236.4413299560547,51.553993225097656,236.3949432373047,51.63168716430664,236.51185607910156,51.43586730957031,751.9713134765625,159.63180541992188,2202.75,6,16.865365982055664,25.222780227661133,6.367865562438965,52342,STARLINK-3850,2022-045M,PAYLOAD,US,2022-04-29,Starlink,LEO,171.5268519956794,1.5311538025218567,1,60019.35667470799,0.393260657961946,646.572764935363,535.0291132897419,2330.7768134630983,53.2179,538.9316010350121,540.4576742530771,95.43650444863613,7.71531791709503,2.4593441486358643,3,60019.357222253166,60019.361472827986,spacetrack
363,20230321020,60024.33186111111,667.9992065429688,237.1466522216797,51.24130630493164,237.07571411132812,51.36606979370117,237.21737670898438,51.116920471191406,952.06884765625,160.4057159423828,3388.5,8,15.765970230102539,24.59099006652832,13.088203430175781,,,,,,,,,,,,,,,,,,,,,,2.711287260055542,2,60024.34003962707,60024.347771673696,
364,20230412014,60046.278856481484,427.8771057128906,239.24864196777344,52.18778610229492,239.13253784179688,52.26780319213867,239.34156799316406,52.12373352050781,694.1567993164062,138.345458984375,1935.25,4,16.374422073364258,24.591264724731445,11.585186958312988,15223,SL-6 R/B(2),1984-089D,ROCKET BODY,CIS,1984-08-24,Other,HEO,23.549835144723374,0.027356360594325224,1,60046.27965463678,-2.5805318044731393,25956.8069697969,24863.721070503754,15.718573734753075,62.6069,553.6887426584444,40701.488536468656,736.111256018815,12.51152255499016,1.8641270399093628,1,60046.278856481484,60046.28380246361,spacetrack
365,20230414011,60048.20084143519,547.4829711914062,150.33468627929688,2.564155101776123,150.30992126464844,2.5569710731506348,150.3634033203125,2.572481870651245,200.31005859375,73.81364440917969,1252.0,2,15.6251802444458,23.369192123413086,28.50541114807129,47307,FALCON 9 R/B,2021-001B,ROCKET BODY,US,2021-01-08,Other,HEO,5.474923092702966,0.32095203848342635,1,60048.20506449898,4.5628899644943886,43932.58752128328,42938.187065536884,4.561566493871461,15.853399999999999,314.1319230893123,50241.85424376108,934.2141086649565,12.632696674722835,1.6926207542419434,1,60048.20084143519,60048.20717014158,spacetrack
366,20230415015,60049.2936412037,487.966552734375,242.59014892578125,50.13375473022461,242.5236358642578,50.20077133178711,242.65692138671875,50.066471099853516,573.02587890625,147.53781127929688,1944.75,4,15.169988632202148,23.392148971557617,31.22797203063965,45254,MERIDIAN 9,2020-015A,PAYLOAD,CIS,2020-02-20,Other,HEO,6.163847410283552,0.025996388484117006,1,60049.30359858911,6.783103769004811,37372.194271904445,36523.28018604311,7.796936809549665,63.691900000000004,1828.136344323906,38527.49026450951,717.7983437969639,12.073628679353726,1.8471046686172485,2,60049.299739573726,60049.30539205791,spacetrack
367,20230416013,60050.15244907408,367.8827209472656,197.5711669921875,49.640533447265625,197.51895141601562,49.55064392089844,197.6240997314453,49.73166275024414,696.2620239257812,20.61578941345215,1926.25,5,15.338701248168945,23.55048370361328,25.148643493652344,48224,ONEWEB-0202,2021-031Q,PAYLOAD,UK,2021-04-25,OneWeb,LEO,1.1490075715585135,0.10237682491539246,1,60050.15498379064,7.423420177772641,1442.49397909972,1202.0657289616338,986.3418413513231,87.9079,1203.3420975504569,1208.2519351378387,109.54722406923405,6.976704868928069,1.4690324068069458,1,60050.15244907408,60050.15670253641,spacetrack
368,20230419016,60053.291618055555,547.9918823242188,243.35975646972656,49.77622985839844,243.25315856933594,49.77729034423828,243.45767211914062,49.77524948120117,475.50390625,90.88549041748047,2200.5,4,16.35087013244629,24.707172393798828,11.126033782958984,26857,OMNI-M1,2001-026A,PAYLOAD,NICO,2001-06-19,Other,MEO,12.404655431021183,0.04838458987430272,1,60053.29282634074,1.3485428533167578,11230.875948311977,10579.869235514569,81.49720604664245,44.7956,10576.339030533616,10625.534192621,366.9700661344788,10.840607397258164,1.8069120645523071,1,60053.291618055555,60053.29795575262,spacetrack
369,20230420014,60054.21159143518,367.8067321777344,222.64781188964844,50.45539093017578,222.63287353515625,50.53246307373047,222.66824340820312,50.35009002685547,661.5181274414062,172.96165466308594,1465.5,4,16.20334815979004,24.11831283569336,11.189556121826172,33106,DELTA 2 R/B,2008-032B,ROCKET BODY,US,2008-06-20,Other,MEO,46.16744681691216,0.06924738246789275,1,60054.2147777024,0.016302604344673455,3750.2359858635105,3269.2409877529526,338.89888699682456,65.2446,2157.1446689972963,4363.775739242945,156.95687459780416,8.704427993337047,1.4847362041473389,1,60054.21159143518,60054.215853001275,spacetrack
370,20230421006,60055.12228240741,367.9187316894531,189.185302734375,50.10593032836914,189.13340759277344,50.20771408081055,189.24818420410156,49.98258972167969,852.6686401367188,161.89227294921875,2796.75,7,14.277316093444824,22.893949508666992,58.36159133911133,46782,STARLINK-1835,2020-074AV,PAYLOAD,US,2020-10-24,Starlink,LEO,6.244961655050929,0.1306071844383041,1,60055.12435359539,-2.6273458222858608,657.7799504940238,542.8687035027742,2290.4103525269566,53.055,546.4739283404233,548.2925694325813,95.59565364668359,5.405457598278069,1.6738226413726807,1,60055.12228240741,60055.12653471438,spacetrack
371,20230422019,60056.35425231481,428.0013427734375,199.515380859375,50.52497863769531,199.50811767578125,50.55558776855469,199.52549743652344,50.482357025146484,266.60211181640625,171.4259490966797,614.25,2,18.2600154876709,25.230876922607422,3.1789169311523438,3212,OV1-13 R/B,1968-026D,ROCKET BODY,US,1968-04-06,Other,HEO,53.9408589529728,0.3430642899457155,1,60056.36402839641,0.3946424354799092,3240.0729159327134,2857.6957292993548,457.43791043211166,99.987,588.6073697118436,9146.794059310598,197.8095852294,9.491338648090643,1.780025839805603,2,60056.359662623654,60056.364623584464,spacetrack
372,20230422022,60056.43291782407,427.3084716796875,270.2289123535156,65.40191650390625,269.97991943359375,65.4193115234375,270.4746398925781,65.38475799560547,751.6858520507812,99.52381134033203,4592.5,8,14.210957527160645,23.36608123779297,49.461856842041016,6153,OAO 3 (COPERNICUS),1972-065A,PAYLOAD,US,1972-08-21,Other,LEO,26.178554279647415,0.23394349829749217,1,60056.44586129064,-2.132573902141303,830.8752816079605,693.6234891981867,1764.3016365538163,35.0052,693.3676982121178,703.4262807819887,98.73939036336571,6.160938980141978,1.6543201208114624,3,60056.44371611835,60056.44866576294,spacetrack
373,20230425016,60059.26863888889,367.7828674316406,173.3107147216797,53.51513671875,173.13951110839844,53.45818328857422,173.45948791503906,53.56462478637695,784.8322143554688,60.775413513183594,2246.5,4,15.292153358459473,23.67091941833496,22.061880111694336,27821,BREEZE-M DEB (TANK),2003-024B,DEBRIS,CIS,2003-06-06,Other,HEO,25.374496465269658,0.002725572941592702,1,60059.27132882141,-2.5293369867140427,13354.130074470942,12639.287893976809,44.408500211758195,49.6011,265.93643127429823,12735.754041204344,242.42753478606585,10.463544783270429,1.767812967300415,1,60059.26863888889,60059.272896413524,spacetrack
374,20230430022,60064.40599652778,487.7597961425781,271.8608093261719,65.33832550048828,271.6811218261719,65.25125885009766,272.0938720703125,65.45126342773438,950.15966796875,40.73229217529297,1701.5,4,16.634353637695312,24.71143341064453,10.203869819641113,14795,JD 3,1984-012F,PAYLOAD,US,1984-02-05,Other,LEO,169.79746513179634,0.18299017189103495,1,60064.40921732443,-3.4078836532426067,844.126717538931,700.5712067010181,1659.8049884037398,63.293899999999994,367.5709512577523,1670.9750036219084,105.53076516961055,7.572581490515862,1.8515675067901611,1,60064.40599652778,60064.41164003648,spacetrack
375,20230512012,60076.15188078704,367.6824035644531,222.10427856445312,50.14373779296875,222.05218505859375,50.053775787353516,222.1581268310547,50.23670959472656,702.458740234375,20.361310958862305,908.0,2,17.12697410583496,24.522188186645508,7.217260360717773,49197,ONEWEB-0328,2021-083M,PAYLOAD,UK,2021-09-14,OneWeb,LEO,14.696868659848406,0.09210830083123156,1,60076.15413163804,0.12333040894009173,1442.1676343836414,1206.707378355456,984.485139404481,87.9082,1208.369269534879,1211.2435817469113,109.63410730538902,7.950456447750351,1.5921903848648071,1,60076.15188078704,60076.15612788589,spacetrack
376,20230517015,60081.17169791667,547.8493041992188,235.27468872070312,49.83564376831055,235.26377868652344,49.87826919555664,235.28855895996094,49.7813835144043,353.5051574707031,170.6312713623047,1202.5,3,15.695716857910156,23.39592933654785,23.714269638061523,16103,COSMOS 1687,1985-088A,PAYLOAD,CIS,1985-09-30,Cosmos,HEO,28.402487893475836,0.09150102839487317,1,60081.1842794073,-3.172968560073059,18152.754695675416,17299.60859465567,37.28587503660724,70.1307,4623.88018556801,35719.44223178981,717.548924628362,10.378359354224166,1.7285466194152832,2,60081.1785063728,60081.1848460634,spacetrack
377,20230517029,60081.413439814816,367.7239074707031,272.3097229003906,65.21646881103516,272.0911560058594,65.14979553222656,272.5291442871094,65.28340148925781,817.4475708007812,53.9554557800293,2507.25,5,16.361207962036133,24.859203338623047,9.275538444519043,56000,STARLINK-5910,2023-042Q,PAYLOAD,US,2023-03-24,Starlink,LEO,6.464690033033094,0.2748712994173914,1,60081.4265147899,3.9222778755356558,619.1413651381162,509.72785195571123,2371.4972865803343,43.001,512.3585100336131,514.1116745850968,94.88948526417857,7.332936114766692,1.2000000476837158,3,60081.42286518047,60081.42712182631,spacetrack
378,20230606007,60101.15108217593,367.6660461425781,170.36349487304688,53.43017578125,170.3472137451172,53.475608825683594,170.3793182373047,53.386043548583984,329.7122497558594,167.94927978515625,1161.25,3,17.02362823486328,24.685943603515625,6.846675872802734,21656,SL-14 R/B,1991-056B,ROCKET BODY,CIS,1991-08-15,Other,LEO,36.48141502485487,0.24471486275061238,1,60101.15178733056,-7.6928052978473715,1366.6272463357066,1172.2409090016745,1025.8448922040661,82.5474,1165.7088021271666,1201.9032767182598,109.07109178245798,8.069528934346458,2.3075413703918457,2,60101.15578332336,60101.16003852668,spacetrack
379,20230609009,60104.181834490744,427.14013671875,183.27769470214844,49.77306365966797,183.19650268554688,49.88594436645508,183.36309814453125,49.65435791015625,919.2869873046875,155.0811004638672,3954.75,7,15.911055564880371,24.903852462768555,10.216378211975098,21152,NADEZHDA 3,1991-019A,PAYLOAD,CIS,1991-03-12,Other,LEO,44.42632750909752,0.08474022204487142,1,60104.19172305528,1.4700000177836046,1182.6839577659023,999.7396315937658,1188.6176359693713,82.9286,954.4526269039206,1013.6933697833929,104.77842227632102,8.127538360247343,1.6100709438323975,2,60104.18724047555,60104.192185487744,spacetrack
380,20230609012,60104.24334143518,368.1008605957031,204.7160186767578,49.8099365234375,204.60028076171875,49.787147521972656,204.8331756591797,49.833003997802734,565.6665649414062,73.031494140625,1233.75,2,17.091564178466797,24.819631576538086,6.22251033782959,26857,OMNI-M1,2001-026A,PAYLOAD,NICO,2001-06-19,Other,MEO,6.666322483238218,0.07199471562221049,1,60104.25453651881,1.1726583644631319,11363.26876624977,10582.826244951473,80.22015926265814,44.8065,10577.69647338638,10624.137576484989,366.9694311431263,10.970213925974122,1.807605504989624,3,60104.25280694382,60104.25706445821,spacetrack
381,20230611012,60106.159561342596,428.0418395996094,172.06703186035156,47.52655792236328,172.0174102783203,47.41807174682617,172.12078857421875,47.64406967163086,851.5230102539062,17.1655216217041,3820.5,9,15.03991413116455,23.995214462280273,26.14921760559082,48357,STARLINK-2636,2021-038E,PAYLOAD,US,2021-05-04,Starlink,LEO,22.20543584712118,0.1587201713072126,1,60106.1625808168,-4.662477777746972,659.7636521806085,542.5652072802668,2281.256737057879,53.0538,546.52037894371,547.8902112540809,95.5919691211174,6.511069863249215,1.8689197301864624,1,60106.159561342596,60106.16451851097,spacetrack
382,20230612019,60107.27345601852,367.5159912109375,266.877685546875,65.30315399169922,266.8162841796875,65.40045928955078,266.9415283203125,65.20206451416016,738.669921875,165.22389221191406,1309.0,4,17.337059020996094,25.12940788269043,5.500874042510986,14613,COSMOS 1524,1984-001C,PAYLOAD,CIS,1984-01-05,Cosmos,LEO,35.53223617687422,0.23266985286792874,1,60107.287107685836,-0.47273787553422153,1659.7295895453913,1413.6726371251461,787.0966711308729,74.0086,1411.4813579957909,1461.5639359236256,114.58418106894668,8.800628581241178,2.123074531555176,3,60107.28288467153,60107.28713061184,spacetrack
383,20230613010,60108.20485879629,547.811279296875,206.05154418945312,55.06733703613281,205.97622680664062,55.14695358276367,206.12261962890625,54.99220657348633,633.5759887695312,151.5546417236328,1502.25,4,15.172450065612793,23.11430549621582,37.95709228515625,40336,CBERS-4,2014-079A,PAYLOAD,PRC,2014-12-07,Other,LEO,52.236950888857336,0.14464532837601496,1,60108.209792489215,0.03980439092265442,885.5801393653402,770.78573343674,1580.7710349402107,98.4436,772.3339819356142,774.6739982131667,100.31551458570864,6.0284238063487265,1.9177013635635376,1,60108.20485879629,60108.21120353501,spacetrack
384,20230614006,60109.15320486111,367.8282165527344,178.21315002441406,50.571434020996094,178.17449951171875,50.623497009277344,178.26197814941406,50.50563049316406,469.0898742675781,154.7633514404297,1250.0,4,16.472021102905273,24.214296340942383,20.33972930908203,16881,COSMOS 1766,1986-055A,PAYLOAD,CIS,1986-07-28,Cosmos,LEO,86.54524810282851,0.4896747482697492,1,60109.16066888232,5.215992506768089,604.4206693158067,504.2732388551294,2364.529454313765,82.5047,504.94113218025996,526.4595498136478,94.94040701744977,6.691224947698501,1.7147948741912842,2,60109.15791701783,60109.16217753135,spacetrack
385,20230615017,60110.360318287036,548.1992797851562,269.0989685058594,64.5291976928711,268.90716552734375,64.4312744140625,269.2640686035156,64.61348724365234,857.6817626953125,40.11064147949219,2059.0,5,17.092483520507812,25.376623153686523,3.171969175338745,29671,COSMOS 2426 (GLONASS),2006-062B,PAYLOAD,CIS,2006-12-25,Cosmos,MEO,28.665220121666835,1.6506206522015319,1,60110.36681860157,0.31002976885065436,20136.92661030528,19153.322478064398,36.82999062015963,64.7239,19086.601512333567,19195.31795972801,676.1726905232539,12.372410999392951,1.8977998495101929,1,60110.360318287036,60110.36666202898,spacetrack
386,20230618017,60113.31048263889,427.949462890625,272.40740966796875,65.557861328125,272.21893310546875,65.5160903930664,272.573974609375,65.59477233886719,599.9514770507812,61.825706481933594,1435.0,3,14.657181739807129,22.5493106842041,39.8862419128418,25588,TITAN 34B AGENA D DEB,1983-078E,DEBRIS,US,1983-07-31,Other,HEO,9.098379969020698,0.0014699828895459177,1,60113.324922897846,2.4622691732947715,32164.465949824134,31170.231559964548,9.464664128926383,63.277,998.9128541123209,36167.26666706853,654.1217144988022,11.02033910836466,1.7190790176391602,3,60113.3213015947,60113.326264838324,spacetrack
387,20230619017,60114.28047800926,368.01611328125,267.4986877441406,65.80512237548828,267.42156982421875,65.7571792602539,267.5773010253906,65.85397338867188,417.3930969238281,33.402748107910156,1157.5,3,15.972325325012207,23.631128311157227,14.215972900390625,22076,TOPEX/POSEIDON,1992-052A,PAYLOAD,US,1992-08-10,Other,LEO,23.110100552764834,0.04257990369000453,1,60114.280773091705,1.9025596623541787,1577.5002643444666,1337.4529093642977,824.9664729635615,66.0403,1331.2246171664183,1343.276049056738,112.40772590290287,7.251327709772941,1.385469675064087,1,60114.28047800926,60114.28474273308,spacetrack
388,20230620019,60115.318677083334,607.6576538085938,272.4784240722656,65.168701171875,272.466552734375,65.29188537597656,272.4920349121094,65.0274658203125,952.6900634765625,177.68328857421875,1450.0,6,16.024269104003906,23.927690505981445,17.44609260559082,16798,COSMOS 1759,1986-047A,PAYLOAD,CIS,1986-06-18,Cosmos,LEO,5.935532385541364,0.1250761299840235,1,60115.34082060733,-5.6499774400144815,1152.1102156011514,962.1823730342903,1146.5366836852704,82.9208,962.55750081118,1000.5216461309728,104.72434364450335,7.190509855972422,1.9558860063552856,3,60115.333652126734,60115.34068738711,spacetrack
389,20230626014,60121.29630787037,546.9328002929688,269.6012268066406,64.79564666748047,269.5927429199219,64.93956756591797,269.6087341308594,64.66848754882812,976.1943969726562,178.55836486816406,981.75,4,17.15346908569336,24.63347053527832,6.850658416748047,54154,FREGAT R/B,2022-139E,ROCKET BODY,CIS,2022-10-22,Other,MEO,19.060238082784053,0.5004364025856205,1,60121.30968621109,93.071893448825,8806.286000319304,8114.748772353346,120.24356200012394,89.9987,8109.090868377825,8121.395746560869,289.41042608335425,10.344607411098579,2.0106184482574463,2,60121.303097508746,60121.309425631625,satchecker
390,20230708008,60133.16931365741,427.240478515625,207.7523193359375,53.13112258911133,207.7419891357422,53.115089416503906,207.76754760742188,53.154762268066406,153.11773681640625,21.139341354370117,668.5,2,16.088275909423828,23.151029586791992,23.9432315826416,52661,STARLINK-4042,2022-053F,PAYLOAD,US,2022-05-18,Starlink,LEO,1.137372653249713,0.9846886865522002,1,60133.17416947804,9.610213617794216,643.6347005819125,535.1622663775906,2338.3769217534796,53.2154,539.1009127813577,540.3807198073737,95.43746005246399,5.640033780959456,2.2206621170043945,1,60133.16931365741,60133.174253468904,spacetrack
391,20230708009,60133.18747106481,488.3161315917969,210.01829528808594,53.03863525390625,210.01380920410156,53.15825271606445,210.02272033691406,52.92052459716797,856.0381469726562,178.7100372314453,1596.75,5,15.650504112243652,23.65859603881836,25.577638626098633,49161,STARLINK-3080,2021-082AH,PAYLOAD,US,2021-09-14,Starlink,LEO,16.271377089685757,0.1540720290545039,1,60133.190479409284,-4.7208366044797,700.7237201302847,571.0862330086575,2114.3938459724923,69.999,569.4472743199776,574.6752119340572,96.10706865647916,6.256922342046165,2.230262517929077,0,nan,nan,spacetrack
392,20230710013,60135.24599884259,367.0328369140625,272.28411865234375,65.59942626953125,272.2766418457031,65.70134735107422,272.2922668457031,65.48870086669922,765.8844604492188,178.26400756835938,1269.75,5,16.681394577026367,24.440689086914062,12.645453453063965,54646,ONEWEB-0542,2022-166E,PAYLOAD,UK,2022-12-08,OneWeb,LEO,52.86487066409222,0.13322604402699767,1,60135.25716641249,-17.71290593786398,1389.8247239342018,1174.4364285850306,942.7404955022879,87.9238,1175.8542897691486,1179.6533906780141,108.94017542020633,7.916000357139655,1.8074002265930176,3,60135.25541344586,60135.25965996686,spacetrack
393,20230712011,60137.20788425926,367.990478515625,269.85845947265625,65.18235778808594,269.63861083984375,65.1833724975586,270.08203125,65.18133544921875,670.0968627929688,90.62675476074219,2696.25,5,16.83857536315918,25.415475845336914,6.117064476013184,,,,,,,,,,,,,,,,,,,,,,1.5255897045135498,1,60137.20788425926,60137.21213425128,
394,20230712016,60137.289796296296,488.2992858886719,272.11859130859375,65.18109893798828,272.10162353515625,65.24999237060547,272.1532897949219,65.04032897949219,758.8163452148438,174.09632873535156,1223.25,5,15.67188549041748,23.390674591064453,18.972280502319336,28421,SL-8 R/B,2004-037C,ROCKET BODY,CIS,2004-09-23,Other,LEO,0.13257091757168382,0.11704098010051212,1,60137.299506098425,1.8293617512099445,1775.9197256492453,1486.232728610864,731.600524630112,82.4829,1470.4873651691032,1505.6839829531227,115.72013153370537,7.141279163868406,1.814241647720337,2,60137.29590868674,60137.30154756765,spacetrack
395,20230713012,60138.16979513889,367.974609375,209.25392150878906,52.0583610534668,209.17250061035156,52.13410186767578,209.3329620361328,51.98482894897461,644.15576171875,146.53697204589844,1822.0,4,16.633161544799805,24.78453254699707,8.388410568237305,47485,QPS-SAR-2 IZANAMI,2021-006CA,PAYLOAD,JPN,2021-01-24,Other,LEO,102.04622889500001,0.3234874488460946,1,60138.17600447588,10.971533733420074,574.5661831735298,466.5081555103279,2436.810061082629,97.3877,468.05098063305195,475.3008204902062,94.03241791899467,7.2287689115865135,1.5648709535598755,2,60138.174513317535,60138.17877346018,spacetrack
396,20230715012,60140.167907407405,607.9237670898438,207.92715454101562,52.61603927612305,207.82569885253906,52.697532653808594,208.029296875,52.53398513793945,738.0200805664062,142.9170379638672,2140.75,4,15.084144592285156,23.410558700561523,30.67278480529785,53200,STARLINK-4417,2022-084M,PAYLOAD,US,2022-07-22,Starlink,LEO,21.135882580125553,0.32516351145670797,1,60140.183896411785,-0.23448990244651213,719.436071832773,560.4557099471585,1896.983769660788,97.6548,561.640953284792,564.3216123932234,95.91879412575932,6.126691069134667,1.8925540447235107,3,60140.18289531764,60140.18993204032,spacetrack
397,20230715012,60140.167907407405,607.9237670898438,207.60716247558594,52.59593200683594,207.59246826171875,52.56343078613281,207.62355041503906,52.6322021484375,256.73388671875,15.350934982299805,1151.5,3,16.504268646240234,24.157428741455078,10.594766616821289,48466,STARLINK-2687,2021-040AQ,PAYLOAD,US,2021-05-09,Starlink,LEO,52.47189654385238,0.029558686590677397,1,60140.17474931652,-7.935318062372971,682.2270453702106,542.6657188295694,2207.070238467828,53.0519,546.357309387452,548.081722661942,95.59226356303795,6.709178748703721,1.8925540447235107,3,60140.18289531764,60140.18993204032,spacetrack
398,20230715013,60140.19316782407,486.8405456542969,267.441650390625,65.6050033569336,267.3261413574219,65.58200073242188,267.583251953125,65.6332015991211,424.4331970214844,64.25965118408203,1567.25,3,16.795270919799805,24.783117294311523,8.922408103942871,32025,BREEZE-M DEB,2006-006C,DEBRIS,CIS,2006-02-28,Other,HEO,27.014331494251564,0.025528163080792865,1,60140.20073520824,-21.268167742411606,6733.662385411289,6113.608720231298,158.87744261551055,51.6578,488.6326506463529,14716.110432457323,274.18525176495234,10.191751647667774,1.8389089107513428,2,60140.199265935546,60140.20490044933,spacetrack
399,20230716011,60141.21750925926,369.673828125,267.217041015625,65.49453735351562,267.19659423828125,65.37539672851562,267.2376403808594,65.614501953125,862.9417114257812,4.074686527252197,1577.25,6,16.744388580322266,24.739139556884766,7.605312824249268,21299,COSMOS 2143,1991-033A,PAYLOAD,CIS,1991-05-16,Cosmos,LEO,3.478775765398723,0.1612689194071173,1,60141.228924634815,-5.834398097824305,1646.7829832123866,1402.0333620504834,788.1512614823539,82.5735,1397.812510184478,1416.0685122582927,113.93416508433408,8.408906615965154,1.667838215827942,1,60141.21750925926,60141.2217650369,spacetrack
400,20230717009,60142.171422453706,367.9068298339844,215.56634521484375,49.4096794128418,215.4611053466797,49.51531982421875,215.67359924316406,49.30202102661133,915.0739135742188,147.0492706298828,2096.0,5,15.044614791870117,23.348093032836914,39.12681198120117,,,,,,,,,,,,,,,,,,,,,,1.546377182006836,3,60142.180857867206,60142.18511827405,
401,20230717010,60142.187876157404,367.4857177734375,221.57571411132812,49.58226776123047,221.5556640625,49.51267623901367,221.607666015625,49.693233489990234,661.2327270507812,10.57625961303711,1646.0,4,16.290626525878906,24.331701278686523,13.156956672668457,24829,SL-12 R/B(2),1997-028C,ROCKET BODY,CIS,1997-06-06,Other,MEO,22.549330893218666,0.014923477266712837,1,60142.18841348754,-45.484274942369666,1430.8209606260707,1230.9805886653548,1058.1488937721815,63.32889999999999,1231.759070641,3018.054254608558,130.05324432205103,7.681624780409177,1.8019294738769531,1,60142.187876157404,60142.19212567329,spacetrack
402,20230717011,60142.20409143518,427.7792053222656,228.9574432373047,49.59178161621094,228.9141387939453,49.684059143066406,229.0004119873047,49.5002555847168,691.6393432617188,163.0768280029297,1751.75,4,15.851806640625,23.960487365722656,21.933448791503906,,,,,,,,,,,,,,,,,,,,,,1.882175087928772,1,60142.20409143518,60142.20904482735,
403,20230717013,60142.23617708333,427.9764404296875,238.64772033691406,49.489402770996094,238.57215881347656,49.62324523925781,238.71571350097656,49.368961334228516,975.035888671875,159.86070251464844,2003.25,5,16.03446388244629,24.288801193237305,16.921295166015625,,,,,,,,,,,,,,,,,,,,,,1.551346778869629,3,60142.246995492016,60142.25195218319,
404,20230719011,60144.172116898146,367.4291687011719,218.39486694335938,50.54623794555664,218.37417602539062,50.571712493896484,218.41539001464844,50.520973205566406,205.5530242919922,152.69769287109375,1095.5,2,17.174346923828125,24.773378372192383,9.450735092163086,13819,SL-3 R/B,1983-010B,ROCKET BODY,CIS,1983-02-16,Other,LEO,86.26017988430021,0.27378360791439604,1,60144.17499212516,0.5728393955505453,578.104707191833,483.94529175826574,2466.77837917446,81.1128,481.9524252968149,521.5737584077915,94.65264141950094,7.20434317836879,1.8588101863861084,1,60144.172116898146,60144.176380471195,spacetrack
405,20230719012,60144.18855092592,367.3985900878906,225.16650390625,50.1448974609375,225.12088012695312,50.230247497558594,225.20578002929688,50.071414947509766,604.4108276367188,161.09225463867188,1429.25,4,16.397815704345703,24.285585403442383,12.280729293823242,44058,ONEWEB-0010,2019-010B,PAYLOAD,UK,2019-02-27,OneWeb,LEO,8.956954926975413,0.15793673993243829,1,60144.199150459426,2.304058222041931,1410.593869467715,1194.7274197409315,1008.1423820992259,87.9014,1196.7281641662685,1198.769107217724,109.37288631200695,7.688072157580759,2.122775077819824,3,60144.19797086623,60144.202221442465,spacetrack
406,20230721011,60146.25202546296,487.4906005859375,267.9404602050781,64.84133911132812,267.7051086425781,64.74195098876953,268.14959716796875,64.9296646118164,958.8521118164062,45.18929672241211,2520.5,5,16.144655227661133,24.648372650146484,10.979513168334961,37140,SL-12 R/B(2),2010-041D,ROCKET BODY,CIS,2010-09-02,Other,MEO,6.382149505174084,0.1787571189757884,1,60146.25564235656,-1.576839768793434,20104.748696166196,19146.82083738927,36.83785716308373,63.93390000000001,19005.763753645253,19197.862177346724,674.6173949608067,11.643926716059593,1.6567126512527466,1,60146.25202546296,60146.25766781666,spacetrack
407,20230722009,60147.21119560185,367.3658752441406,273.53973388671875,66.2977294921875,273.5009765625,66.3036117553711,273.5964660644531,66.28911590576172,147.72315979003906,110.68563842773438,889.25,2,18.33036994934082,25.70292854309082,2.649477243423462,25982,ORBCOMM FM 32,1999-065C,PAYLOAD,ORB,1999-12-04,Orbcomm,LEO,688.3818079790558,5.126426523185529,1,60147.224311554826,23.69154820422409,934.6832388558332,773.7610862277534,1503.9630201868097,45.0158,778.494273002746,783.6861431236339,100.47517389070887,8.67112737233006,1.8591856956481934,2,60147.215905960715,60147.220156530944,spacetrack
408,20230724013,60149.41418287037,367.4158630371094,14.751543045043945,2.1382675170898438,14.639480590820312,2.1447575092315674,14.85895824432373,2.132046699523926,790.8946533203125,93.3167953491211,2316.25,4,15.593623161315918,24.005586624145508,15.19217300415039,15388,ARIANE 3 R/B,1984-114C,ROCKET BODY,FR,1984-11-10,Other,HEO,13.4883397933379,0.09908180470169725,1,60149.42427830118,13.796436488977633,29550.493086536604,28502.85619817865,11.379852970894602,7.2844999999999995,366.9850326394144,30488.51102908396,534.0971337755204,12.276535747703587,1.528764247894287,3,60149.42361899807,60149.42786493874,spacetrack
409,20230725022,60150.41960300926,488.7275695800781,11.030211448669434,-0.17650075256824493,11.0114107131958,-0.2798190712928772,11.050748825073242,-0.06363379210233688,791.0469360351562,10.313042640686035,2400.5,4,16.020362854003906,24.47111701965332,11.945028305053711,16144,SL-14 R/B,1985-094G,ROCKET BODY,CIS,1985-10-09,Other,LEO,13.279450107501134,0.015627852949444687,1,60150.43786875418,-2.5619224977563135,1667.7444828817322,1439.6029791769006,810.0642889869331,82.6111,1416.481067536124,1471.8284609921511,114.75208351054825,8.11110904502579,2.398860216140747,3,60150.4318579312,60150.43750407699,spacetrack
410,20230806008,60162.15674884259,367.5826416015625,265.81396484375,65.56208801269531,265.639404296875,65.49446868896484,265.98291015625,65.62754821777344,700.8902587890625,46.878387451171875,2215.75,5,15.417215347290039,23.781017303466797,26.767011642456055,1573,COSMOS 83,1965-070D,PAYLOAD,CIS,1965-09-03,Cosmos,LEO,300.07615902193265,5.595920782754142,1,60162.17112430672,25.0441978223389,1741.271622466474,1487.4158158922519,772.7457908788699,56.05120000000001,1447.7805971914295,1556.7444296892727,116.03310609847644,7.472216254808906,1.9718037843704224,1,60162.15674884259,60162.16099419693,spacetrack
411,20230806009,60162.17288194445,367.5792236328125,270.83831787109375,65.4023666381836,270.7498474121094,65.39192962646484,270.9151916503906,65.41143798828125,257.52337646484375,74.17301177978516,1630.0,3,17.24532699584961,25.27579689025879,5.8625030517578125,26393,SL-12 R/B(2),2000-035D,ROCKET BODY,CIS,2000-06-30,Other,HEO,5.520800600191933,0.19207704169492956,1,60162.17920727139,-29.89091365324566,36160.0388240044,35165.915440385215,10.273640122553976,61.729000000000006,6965.154686968463,46025.243948828684,988.6108324807594,13.65777576816142,2.0362985134124756,2,60162.17758135478,60162.18184581439,spacetrack
412,20230816009,60172.12756944444,367.83251953125,265.8877868652344,65.5271987915039,265.6564636230469,65.57453918457031,266.11907958984375,65.47987365722656,769.5090942382812,116.28703308105469,1856.0,4,17.108150482177734,25.27959632873535,5.6709208488464355,11909,SL-6 R/B(2),1980-063D,ROCKET BODY,CIS,1980-07-18,Other,HEO,38.37266087728608,0.04128495256054521,1,60172.13882224873,5.854651066591032,40128.7615263108,39113.19163348472,6.451113393526117,62.9233,1664.246955409436,39364.354814420934,731.4841883774772,14.166799355571333,1.4393585920333862,3,60172.13698802135,60172.14125247885,spacetrack
413,20230817009,60173.40673958333,367.1658630371094,26.469175338745117,-0.16013529896736145,26.37491226196289,-0.18851429224014282,26.550792694091797,-0.13556353747844696,661.2406616210938,73.24496459960938,1081.5,2,15.020214080810547,22.60527992248535,22.421064376831055,38353,CZ-3B R/B,2012-028B,ROCKET BODY,PRC,2012-05-26,Other,MEO,47.37277816002461,0.04984681279604786,1,60173.42090924144,0.07452272018417716,4056.9999501046527,3640.3745932551747,269.60721148717835,26.7917,180.75703946253816,4015.9557406928634,129.4445940758031,7.439742261757574,1.716901421546936,3,60173.41615510213,60173.42040567094,spacetrack
414,20230819006,60175.13528125,368.0524597167969,267.65380859375,65.17501831054688,267.59527587890625,65.1842041015625,267.708251953125,65.16647338867188,182.3192901611328,110.49911499023438,896.0,2,16.93075942993164,24.3115291595459,11.561031341552734,57058,STARLINK-6217,2023-088L,PAYLOAD,US,2023-06-22,Starlink,LEO,13.850168826786557,0.7665872624040304,1,60175.144488290985,7.246472159866244,654.5296287852101,542.8950181968075,2171.0064865161685,42.9983,544.9124345614055,546.5866298412911,95.56182939021689,6.881167284454651,1.734897255897522,2,60175.13998854969,60175.14425079607,spacetrack
415,20230820021,60176.43456018518,367.1659851074219,33.267948150634766,-1.9704365730285645,33.169063568115234,-1.8610352277755737,33.340858459472656,-2.051102876663208,922.0827026367188,137.90744018554688,2240.5,4,15.833309173583984,24.209171295166016,17.597270965576172,54164,STARLINK-5278,2022-141H,PAYLOAD,US,2022-10-28,Starlink,LEO,40.87200214432869,0.008598924290737386,1,60176.446750524534,6.703619644220453,634.8405074398538,535.9351067124271,2118.47925303361,53.2157,538.8496405568785,540.663511728143,95.43778618163451,6.805401639247702,1.6417627334594727,3,60176.443985391896,60176.448231332564,spacetrack
416,20230820021,60176.43456018518,367.1659851074219,33.199649810791016,-1.828851580619812,33.16517639160156,-1.8501638174057007,33.22520446777344,-1.8130526542663574,253.97108459472656,58.26136016845703,1469.0,3,15.938440322875977,23.855995178222656,15.609527587890625,55450,STARLINK-5686,2023-015B,PAYLOAD,US,2023-02-02,Starlink,LEO,90.50815456205896,0.04584199659984023,1,60176.44677366551,1.4922980443225242,656.3472390438719,555.2146399511294,2242.151632479959,43.004,558.1159206408929,560.055567560943,95.83805719560945,6.390622995895196,1.6417627334594727,3,60176.443985391896,60176.448231332564,spacetrack
417,20230821008,60177.168239583334,607.649169921875,267.4297180175781,64.76741027832031,267.35174560546875,64.82823181152344,267.5242614746094,64.69367218017578,552.0430297851562,151.34030151367188,1347.25,4,17.184480667114258,25.008102416992188,5.4549880027771,40060,DELTA 2 R/B,2014-035B,ROCKET BODY,US,2014-07-02,Other,HEO,3.396903919980332,0.31357227223833206,1,60177.18411371738,23.691923839913215,7887.992516964175,7141.600604730001,114.65289739551868,98.2156,2372.50688276409,10142.094373509202,235.58360293231823,10.770929195075569,1.7972452640533447,3,60177.1832345218,60177.190269235405,spacetrack
418,20230822022,60178.403625,427.7469177246094,30.983484268188477,-0.9969165921211243,30.863012313842773,-0.9828057885169983,31.101760864257812,-1.0107704401016235,865.23876953125,96.681640625,2790.0,5,14.102727890014648,22.716737747192383,46.625919342041016,23640,DELTA 2 R/B(1),1995-041B,ROCKET BODY,US,1995-08-05,Other,LEO,2.683784520672816,0.021710106698421328,1,60178.418244841596,5.580462479847483,1168.4163682833955,991.8689728236122,1207.0714047262295,26.6729,935.9493862826839,1372.0571800218868,108.42692894550456,5.923696626917696,1.9966373443603516,3,60178.41443972573,60178.419395332545,spacetrack
419,20230822024,60178.44281828704,367.7381286621094,12.71507453918457,-0.8043997287750244,12.609389305114746,-0.8809886574745178,12.826086044311523,-0.7239506244659424,963.3561401367188,54.06685256958008,3153.0,5,15.045668601989746,23.792478561401367,22.362092971801758,55493,STARLINK-5362,2023-015AW,PAYLOAD,US,2023-02-02,Starlink,LEO,143.8977688652585,0.0710711407127036,1,60178.45298015427,3.137884488911368,668.1735640876448,555.0047046999143,1970.2047876586614,42.9998,558.312745647383,559.8597459852008,95.8380675924447,6.4674907366114684,1.6180561780929565,3,60178.452262563354,60178.45651602886,spacetrack
420,20230909009,60196.10954513889,367.6901550292969,241.58509826660156,47.132694244384766,241.57655334472656,47.039894104003906,241.59364318847656,47.22541046142578,669.1654052734375,3.584184169769287,1745.5,4,14.347887992858887,22.452688217163086,63.35649108886719,18025,USA 25,1987-043H,PAYLOAD,US,1987-05-15,Other,LEO,204.07061825230812,0.07486874834655,1,60196.11010602254,8.982145173358731,650.260905183991,533.1911203245636,2420.925424594485,63.2902,358.18710906686647,1720.1738636965401,105.95704977861537,4.904024730142272,1.5628795623779297,0,nan,nan,spacetrack
421,20230910019,60197.319246527775,367.9212951660156,25.496225357055664,2.3947532176971436,25.358179092407227,2.380692481994629,25.618040084838867,2.407160520553589,939.5262451171875,84.17916870117188,2478.0,7,16.397890090942383,24.883142471313477,8.446211814880371,21877,IABS R/B,1992-006C,ROCKET BODY,US,1992-02-11,Other,MEO,8.223420308456753,0.004998804390979217,1,60197.33078025403,2.6942937067360617,31662.58115993447,30704.54330228276,19.571801132447654,8.9021,30552.83572974692,35596.362811230225,1299.7965836399333,12.56535699331073,1.3857656717300415,3,60197.32867597834,60197.332936572035,spacetrack
422,20230911020,60198.31508101852,367.5406494140625,23.731863021850586,1.74186372756958,23.61932373046875,1.7318085432052612,23.820037841796875,1.749742031097412,725.1199340820312,84.8919448852539,2106.25,4,16.96861457824707,25.277389526367188,4.898985862731934,15422,ATLAS AGENA R/B(2),1977-038C,ROCKET BODY,US,1977-05-23,Other,HEO,7.922236761618251,0.1030231280010554,1,60198.32167333597,3.78860444430029,37526.068980499826,36496.913877955965,14.377554407952536,7.7882,28962.441638232922,41472.493867722544,1407.1191159164403,13.29446745739215,2.075899124145508,2,60198.319787034634,60198.324039910636,spacetrack
423,20230915022,60202.43558680556,367.908203125,34.484249114990234,-1.992727279663086,34.414817810058594,-2.0064444541931152,34.5634880065918,-1.97707200050354,545.2420043945312,78.81757354736328,2027.0,4,13.170086860656738,21.43722152709961,138.9513397216797,38050,CZ-3A R/B,2012-002B,ROCKET BODY,PRC,2012-01-13,Other,HEO,190.4487396496222,0.06730288034135867,1,60202.444772292,0.06869581335922703,1565.600577788869,1323.2416259371194,1176.0402590711103,24.6065,351.45336888307975,35283.77825361193,624.2641351033483,4.672456392648877,1.601223349571228,2,60202.44031048902,60202.44456974546,spacetrack
424,20230918021,60205.31585416666,367.7354736328125,24.014816284179688,-1.1845871210098267,23.905452728271484,-1.1507946252822876,24.12874984741211,-1.2197914123535156,841.2019653320312,107.1741943359375,2943.75,5,13.839985847473145,22.512237548828125,64.9298324584961,40426,FALCON 9 R/B,2015-010C,ROCKET BODY,US,2015-03-02,Other,HEO,15.904701567689017,0.004548306015465187,1,60205.31690664093,1.8162712000776082,25235.669605763687,24265.95379660586,13.413938023904647,22.0504,340.67835271477725,62207.07644724912,1211.830892937341,10.604638052996005,1.6040904521942139,1,60205.31585416666,60205.320110948844,spacetrack
425,20230918026,60205.40261689815,367.69091796875,26.989423751831055,-1.6752222776412964,26.96232032775879,-1.6824719905853271,27.015201568603516,-1.6683266162872314,196.9850311279297,75.01806640625,1228.25,2,17.4495906829834,25.172807693481445,4.502798080444336,20523,INTELSAT 603,1990-021A,PAYLOAD,ITSO,1990-03-14,Other,GEO,3.5043041088442806,0.07167725965996397,1,60205.41327246319,-0.3672379642375745,36990.824213750675,35996.27914972545,14.98793544743641,13.3756,35981.33564952193,36040.4259375381,1447.5705187747935,13.144743713130264,1.5335032939910889,3,60205.41203503037,60205.416291387635,spacetrack
426,20230920016,60207.31180902778,367.6659240722656,24.720584869384766,-1.586560845375061,24.640796661376953,-1.5936492681503296,24.798669815063477,-1.5796239376068115,570.363037109375,84.92127990722656,2371.25,4,15.930947303771973,24.368391036987305,10.631233215332031,,,,,,,,,,,,,,,,,,,,,,1.4580899477005005,2,60207.31652315755,60207.320789930345,
427,20230920016,60207.31180902778,367.6659240722656,24.71881103515625,-1.7364003658294678,24.62778091430664,-1.715009331703186,24.803173065185547,-1.756224513053894,648.3272094726562,103.22979736328125,2226.0,4,16.919017791748047,25.287830352783203,4.746205806732178,,,,,,,,,,,,,,,,,,,,,,1.4580899477005005,2,60207.31652315755,60207.320789930345,
428,20230920017,60207.328356481485,368.1495056152344,29.929718017578125,-1.6118824481964111,29.87693977355957,-1.5486935377120972,29.982152938842773,-1.6746604442596436,590.7589721679688,140.14102172851562,2343.0,4,16.523035049438477,24.947465896606445,6.531121253967285,,,,,,,,,,,,,,,,,,,,,,1.528635859489441,2,60207.33307295023,60207.33733883222,
429,20230920017,60207.328356481485,368.1495056152344,30.071453094482422,-1.54226815700531,29.99437713623047,-1.5662248134613037,30.14067840576172,-1.5207513570785522,551.3585815429688,72.72783660888672,3266.75,6,15.503888130187988,24.2891788482666,13.604227066040039,,,,,,,,,,,,,,,,,,,,,,1.528635859489441,2,60207.33307295023,60207.33733883222,
430,20230920018,60207.34450810185,427.7777404785156,31.285722732543945,-1.9764747619628906,31.1929931640625,-2.0775563716888428,31.37038803100586,-1.8841851949691772,944.4362182617188,42.515743255615234,2977.5,6,16.4605712890625,25.145200729370117,7.340292453765869,,,,,,,,,,,,,,,,,,,,,,1.5249435901641846,2,60207.349911366924,60207.35486475062,
431,20230920018,60207.34450810185,427.7777404785156,31.20707893371582,-1.9065626859664917,31.148704528808594,-1.9725626707077026,31.282882690429688,-1.820857286453247,728.9320068359375,41.476070404052734,2222.0,4,17.047544479370117,25.414405822753906,4.57382869720459,,,,,,,,,,,,,,,,,,,,,,1.5249435901641846,2,60207.349911366924,60207.35486475062,
432,20230920022,60207.41347569445,368.1165771484375,33.749671936035156,-2.30867600440979,33.63422393798828,-2.3134100437164307,33.860191345214844,-2.3041439056396484,813.5065307617188,87.64995574951172,2799.75,5,14.0679349899292,22.685733795166016,59.179927825927734,40946,MORELOS 3,2015-056A,PAYLOAD,MEX,2015-10-02,Other,GEO,1.8141564049528824,0.003359408965323496,1,60207.41546639342,-4.23847117315745,36748.98630999373,35794.46747960635,15.040136579286418,3.2044,35772.05913181077,35800.579168597964,1436.0827110241767,10.653894305946624,1.5973166227340698,2,60207.41819976221,60207.422457276596,spacetrack
433,20230920022,60207.41347569445,368.1165771484375,33.738983154296875,-2.128481149673462,33.66359329223633,-2.146888256072998,33.81121826171875,-2.1108453273773193,546.704345703125,76.27042388916016,2118.0,4,16.687421798706055,25.002235412597656,6.677118301391602,28466,SL-12 R/B(2),2004-043D,ROCKET BODY,CIS,2004-10-29,Other,GEO,2.540499002515162,0.01292517964823503,1,60207.41944916151,-1.3595218933769502,36816.444627185156,35847.45463462125,15.055717903233896,12.2489,35787.9058499761,35876.006752540095,1438.4148811850832,12.96927364897806,1.5973166227340698,2,60207.41819976221,60207.422457276596,spacetrack
434,20230922017,60209.38553125,367.9496154785156,22.777097702026367,-1.1228773593902588,22.71104621887207,-1.1414737701416016,22.836923599243164,-1.106033444404602,470.6950988769531,74.2728271484375,1541.25,3,16.102888107299805,24.07257080078125,14.981588363647461,21939,TELECOM 2B,1992-021A,PAYLOAD,FR,1992-04-15,Other,GEO,0.4040608073921703,0.023569286577156845,1,60209.39300107153,0.21864576009102166,36981.920523957895,35997.60533737034,15.00030105942035,14.1772,35923.61913490321,36078.60003234553,1447.070022361754,12.043611525443975,1.5387638807296753,2,60209.39025856414,60209.39451692271,spacetrack
435,20230923015,60210.31531481481,427.3902893066406,31.041629791259766,-0.24825003743171692,30.952138900756836,-0.27245819568634033,31.12991714477539,-0.2243672013282776,662.9956665039062,74.8629150390625,2532.5,5,16.235572814941406,24.74444580078125,10.243574142456055,23522,HIMAWARI 5 (GMS 5),1995-011B,PAYLOAD,JPN,1995-03-18,Other,GEO,1.1947974053327926,0.03303157606383422,1,60210.32017337487,-6.542299804394133,37055.561420674734,36046.430123295875,15.000992989328537,13.8979,35986.08532651054,36078.174976260256,1448.6591427267779,12.71543706276032,1.8598464727401733,1,60210.31531481481,60210.320260407694,spacetrack
436,20230923016,60210.33446990741,369.6661376953125,9.022807121276855,-2.2054359912872314,8.988794326782227,-2.210008144378662,9.066017150878906,-2.199627637863159,280.2978210449219,82.33830261230469,1087.5,2,17.17818832397461,24.769262313842773,5.367421627044678,35697,BREEZE-M R/B,2009-042B,ROCKET BODY,CIS,2009-08-11,Other,HEO,3.1427514618485475,0.2046184967537812,1,60210.33783420625,1.5653180979425088,34859.21932297231,33923.54093332471,13.126788237806949,7.532700000000001,14915.878967742234,34085.06496918835,900.0078131928283,12.885155922921292,1.6439547538757324,2,60210.33917510231,60210.343500325806,spacetrack
437,20230923020,60210.4022662037,367.4408264160156,31.969430923461914,-2.0494465827941895,31.86113739013672,-2.0763189792633057,32.109519958496094,-2.0146853923797607,920.7351684570312,76.05546569824219,2204.5,4,17.42350959777832,25.78178596496582,3.4864842891693115,20945,SATCOM C1,1990-100A,PAYLOAD,US,1990-11-20,Other,GEO,1.4113135557238365,0.08203591818111988,1,60210.414154162936,-1.8037369511439465,37061.78892940316,36042.16171857447,14.954499884603523,12.5355,36042.880261082464,36146.76912048612,1451.8726303598626,13.756145754320622,1.5685491561889648,3,60210.41169132105,60210.41594044346,spacetrack
438,20230925020,60212.368310185186,367.4213562011719,20.764522552490234,-1.6327372789382935,20.658021926879883,-1.6215604543685913,20.874401092529297,-1.6442683935165405,782.9327392578125,95.99336242675781,1907.25,4,15.233976364135742,23.434995651245117,28.248750686645508,21223,ARIANE 44P R/B,1991-026B,ROCKET BODY,FR,1991-04-04,Other,HEO,16.756382714441997,0.04556643415676831,1,60212.38013604928,6.2481570045347326,32918.40131498408,31918.33291735852,8.539134239721777,3.9189000000000003,434.179296328698,35097.38092667819,622.2591241088347,12.017751453642072,1.8566209077835083,3,60212.37772307502,60212.381981934086,spacetrack
439,20231011018,60228.35537384259,428.0572204589844,30.760095596313477,-0.790793776512146,30.661291122436523,-0.7846073508262634,30.854040145874023,-0.796675980091095,695.1881713867188,93.58313751220703,1884.25,4,15.634435653686523,23.822282791137695,18.56245231628418,43635,ARIANE 5 DEB (SYLDA),2018-074D,DEBRIS,FR,2018-09-25,Other,HEO,19.111542881682908,0.029722985943109848,1,60228.36341423173,3.2227344620623626,21662.608603787772,20780.556020559423,18.79364507507037,6.3359,202.42671799089385,21861.043002812992,381.0246012423419,11.54854504454617,1.8094274997711182,2,60228.36079483294,60228.36574446445,spacetrack
440,20231106017,60254.221172453705,547.7660522460938,11.223002433776855,-1.9766072034835815,11.127487182617188,-1.9701141119003296,11.31861686706543,-1.9831069707870483,689.24658203125,93.89122772216797,1832.25,3,16.622053146362305,24.77951431274414,7.468276500701904,17325,ARIANE 1 DEB,1985-056D,DEBRIS,FR,1985-07-02,Other,HEO,30.646447681431255,0.039473009598012254,1,60254.23251909724,3.1943825689377263,16314.534972992207,15477.597419139092,31.648139699404382,8.1437,379.8505505556004,23901.882673454376,418.009434890955,11.939935137840049,2.0533227920532227,3,60254.23476239819,60254.24110440374,spacetrack
441,20231107013,60255.179208333335,367.8403625488281,24.26171875,-1.2883381843566895,24.20905113220215,-1.2610331773757935,24.327526092529297,-1.3224557638168335,480.3219299316406,117.410400390625,2433.25,4,16.89192771911621,25.35739517211914,5.245718479156494,14135,ANIK C2 R/B(PAM-D),1983-059D,ROCKET BODY,US,1983-06-18,Other,HEO,24.45906376901803,0.005239202515952002,1,60255.17965311664,3.879515360109508,31381.098249373787,30355.998907691555,9.539911792394348,23.0288,351.0739756337407,30801.72014000841,539.5677792304475,13.81982428428773,1.8459901809692383,1,60255.179208333335,60255.18346932016,spacetrack
442,20231107018,60255.284155092595,427.607421875,30.739154815673828,-2.133488416671753,30.641359329223633,-2.141815662384033,30.843095779418945,-2.1246376037597656,728.3773803710938,85.12957000732422,2177.0,4,17.175640106201172,25.520286560058594,4.575479507446289,11560,TITAN 3C TRANSTAGE R/B,1979-086C,ROCKET BODY,US,1979-10-01,Other,HEO,1.2610731301322176,0.018809073694612266,1,60255.28593692399,2.002970702131279,36006.19759177532,35000.55676944417,15.498692835580597,5.5344,30254.34214901775,41655.86919237507,1444.7144064984295,13.455839133797893,1.4194518327713013,1,60255.284155092595,60255.28910732128,spacetrack
443,20231108010,60256.12464351852,368.4325256347656,16.593830108642578,2.36262583732605,16.44325065612793,2.247814416885376,16.63188934326172,2.391644239425659,853.5218505859375,52.652488708496094,2243.5,5,12.781867980957031,21.159183502197266,142.6716766357422,39158,CZ-3B R/B,2013-020B,ROCKET BODY,PRC,2013-05-01,Other,HEO,43.598962021667376,0.21588186096457207,1,60256.13657818608,-7.304585315636359,15376.278080945642,14470.698668789424,37.48777931830159,26.6813,185.06422413135806,26212.538414396593,454.33565702463756,8.135749511913929,1.4584932327270508,2,60256.12935037775,60256.13363624805,spacetrack
444,20231108010,60256.12464351852,368.4325256347656,16.47606086730957,2.2418291568756104,16.409217834472656,2.2469961643218994,16.559057235717773,2.2354137897491455,540.6209106445312,94.4234390258789,1835.5,4,14.443075180053711,22.602460861206055,46.370887756347656,28562,ARIANE 2 DEB,1988-040F,DEBRIS,FR,1988-05-17,Other,HEO,14.676892895880655,0.055150662954531526,1,60256.13072684441,4.493518284405582,34567.14777236743,33417.83303199083,8.07669853116539,7.6799,470.12133684223227,33412.657099022,590.6623081694947,11.24566710307555,1.4584932327270508,2,60256.12935037775,60256.13363624805,spacetrack
445,20231108014,60256.197802083334,427.8153076171875,30.013450622558594,-2.4613876342773438,29.930213928222656,-2.483616590499878,30.10518455505371,-2.436890125274658,651.403076171875,75.03467559814453,3872.0,7,16.157649993896484,25.12748908996582,9.269245147705078,21222,ANIK E2,1991-026A,PAYLOAD,CA,1991-04-04,Other,GEO,1.000251196148838,0.07689469249896774,1,60256.211390040735,-1.692459520068951,37069.037471155396,36096.99156445982,14.922274955289456,13.3241,36094.167035133905,36127.89493509289,1452.7036903939788,13.104191403541979,1.6833398342132568,3,60256.208649350556,60256.21359290681,spacetrack
446,20231119034,60267.44692592593,547.7355346679688,165.76707458496094,46.17319869995117,165.69940185546875,46.080833435058594,165.86566162109375,46.30777359008789,916.106201171875,26.899778366088867,1405.5,4,16.290664672851562,24.160242080688477,11.0792818069458,23526,COSMOS 2310,1995-012A,PAYLOAD,CIS,1995-03-21,Cosmos,LEO,32.3889083677102,0.1511051428607253,1,60267.46451303238,-2.317627777636517,1188.6587175964635,972.7358387841086,1201.657674249996,82.9435,974.8687891926229,1008.6346622151068,104.94238966702952,7.372080519739608,2.1776576042175293,3,60267.46052062183,60267.46686215055,spacetrack
447,20231123034,60271.47990625,367.761474609375,170.93067932128906,53.52511978149414,170.84445190429688,53.44353103637695,171.0397186279297,53.628292083740234,785.5096435546875,32.14053726196289,1323.0,3,15.851820945739746,23.655719757080078,21.907438278198242,36597,CZ-2D R/B,2010-027B,ROCKET BODY,PRC,2010-06-15,Other,LEO,73.48283494604289,0.3702368125207727,1,60271.49323376973,0.33377328008646145,650.7266885798282,542.8152087442622,2151.0753850164606,98.0316,543.6094679327953,623.5746496207275,96.34633939777784,6.235372112617972,1.594491958618164,3,60271.489328382,60271.49358658268,spacetrack
448,20231124020,60272.44707638889,427.515869140625,165.67681884765625,47.996463775634766,165.61375427246094,48.04288101196289,165.7271270751953,47.95943832397461,406.0036315917969,137.7213897705078,1298.0,3,16.69194793701172,24.475133895874023,8.778550148010254,,,,,,,,,,,,,,,,,,,,,,1.9567129611968994,1,60272.44707638889,60272.452024297076,
449,20231202011,60280.10878703704,367.9737243652344,26.2148380279541,0.6333520412445068,26.130645751953125,0.6071871519088745,26.30731773376465,0.662091851234436,665.9895629882812,72.73527526855469,2743.75,5,16.269878387451172,24.865739822387695,9.126320838928223,,,,,,,,,,,,,,,,,,,,,,2.0151572227478027,2,60280.11351880695,60280.117774276594,
450,20231204010,60282.08569328704,427.84375,24.002798080444336,1.9184354543685913,23.936729431152344,1.9243932962417603,24.0550479888916,1.9137235879898071,427.44061279296875,95.1557388305664,1652.75,3,13.012256622314453,21.057775497436523,159.53280639648438,42968,FALCON 9 R/B,2017-063B,ROCKET BODY,US,2017-10-11,Other,HEO,136.86908507321505,0.06907030898089772,1,60282.09212784285,0.27240784897003323,1746.731307218898,1484.1003806669087,744.1832448553715,27.8167,180.44416958369402,21807.200127766773,379.78066817181315,4.789865450515453,2.439765214920044,2,60282.09110972306,60282.09605616471,spacetrack
451,20231204011,60282.10598263889,428.0651550292969,26.944276809692383,1.0359259843826294,26.875,0.9453810453414917,27.013166427612305,1.1259654760360718,818.5103149414062,37.41530227661133,2805.75,5,13.803211212158203,22.4233341217041,63.2093505859375,,,,,,,,,,,,,,,,,,,,,,2.5906527042388916,1,60282.10598263889,60282.11094327863,
452,20231204013,60282.147814814816,427.8330993652344,10.469766616821289,-1.2201275825500488,10.438494682312012,-1.2744262218475342,10.501338958740234,-1.1653062105178833,453.29638671875,29.93275260925293,2970.0,5,16.045202255249023,24.727092742919922,11.101316452026367,48859,NAVSTAR 81 (USA 319),2021-054A,PAYLOAD,US,2021-06-17,GPS/GNSS,MEO,7.146692133522947,0.13882428880468112,1,60282.15842562642,-0.7534573244629428,21099.04499154648,20212.575238483718,35.48534864303949,55.3518,20143.76561900891,20219.72155979889,717.9577011132019,11.763261320197527,2.4469244480133057,2,60282.15322104334,60282.15817532384,spacetrack
453,20231204013,60282.147814814816,427.8330993652344,10.48086166381836,-1.3782044649124146,10.456326484680176,-1.375387191772461,10.497414588928223,-1.3801052570343018,148.84854125976562,96.55224609375,902.0,2,17.088438034057617,24.476455688476562,7.3490424156188965,19122,ARIANE 2 R/B,1988-040B,ROCKET BODY,FR,1988-05-17,Other,HEO,23.07938642088061,0.5269307348469994,1,60282.16028803206,-4.23859620426083,18019.242644557333,17145.631196351376,27.000401782249217,7.379899999999999,523.0593815329767,34442.185504193614,611.3445838907289,11.809319443948512,2.4469244480133057,2,60282.15322104334,60282.15817532384,spacetrack
454,20231206013,60284.07268055555,367.7737731933594,19.539142608642578,1.4342573881149292,19.448209762573242,1.4091728925704956,19.629436492919922,1.4591659307479858,676.5935668945312,74.5735092163086,1893.75,4,17.29046630859375,25.48377227783203,4.8185577392578125,22883,SL-12 R/B(2),1993-069D,ROCKET BODY,CIS,1993-10-28,Other,GEO,0.8008949930001563,0.5439745289299083,1,60284.07484981003,12.950118373380974,36758.0654175986,35712.57806077246,15.249532653873409,14.2981,35708.06522483662,35738.91729656046,1432.8741164166836,13.436922220564423,1.3395562171936035,1,60284.07268055555,60284.076938071004,spacetrack
455,20231206018,60284.156717592596,427.3658142089844,17.739173889160156,-2.2980566024780273,17.658220291137695,-2.3207814693450928,17.808807373046875,-2.2785093784332275,562.6515502929688,74.30789947509766,1891.25,3,16.52022933959961,24.712100982666016,10.839131355285645,,,,,,,,,,,,,,,,,,,,,,1.5273715257644653,3,60284.16752661289,60284.17247509575,
456,20231208010,60286.07924189815,427.7151794433594,24.274721145629883,1.9681377410888672,24.20442771911621,1.8660619258880615,24.333139419555664,2.052971124649048,816.8308715820312,34.53694534301758,2105.0,4,14.810324668884277,23.118453979492188,40.850990295410156,47532,YAOGAN-31 D,2021-007A,PAYLOAD,PRC,2021-01-29,Yaogan,LEO,25.939428826001176,0.04362777038100063,1,60286.08224402151,-1.7115946043631993,1226.463549252846,1029.2168926711847,1183.7475414418761,63.4076,1019.8235138066029,1159.4227976666816,107.0397527734942,6.346597827241206,2.3708343505859375,1,60286.07924189815,60286.08419328831,spacetrack
457,20231208015,60286.186149305555,427.5650329589844,29.523845672607422,-2.183530330657959,29.461902618408203,-2.200836420059204,29.61112403869629,-2.1591460704803467,557.3901977539062,74.3795166015625,1762.75,3,17.083803176879883,25.19927978515625,5.486962795257568,26936,RADUGA 1-6,2001-045A,PAYLOAD,CIS,2001-10-06,Other,GEO,1.4721342924076453,0.09036054797005022,1,60286.19391175182,-10.48865338676842,37572.90831008588,36587.208855015655,14.614758401406371,13.7518,36432.16901448883,36588.952931487685,1473.2416650994717,13.198591517288765,2.2993757724761963,1,60286.186149305555,60286.19110559124,spacetrack
458,20231209011,60287.07590625,487.7329406738281,25.232913970947266,1.996473789215088,25.167613983154297,1.9793790578842163,25.294191360473633,2.01251482963562,470.7665100097656,75.32166290283203,2111.75,4,17.192745208740234,25.504350662231445,4.876953125,23451,SL-12 R/B(2),1994-087D,ROCKET BODY,CIS,1994-12-28,Other,GEO,1.6608882180491946,0.32863368106140456,1,60287.08489294977,-10.418052479973994,36839.92444756386,35847.89543949654,15.176111857289689,14.5707,35794.20816500522,35896.355054467494,1439.0960749733874,13.46274080156424,2.2230021953582764,1,60287.07590625,60287.081553815704,spacetrack
459,20231211012,60289.13490046297,427.5352783203125,14.494013786315918,-1.8060824871063232,14.464035987854004,-1.708072304725647,14.531403541564941,-1.9283231496810913,829.1292114257812,163.0006103515625,1431.75,3,16.862573623657227,24.752241134643555,7.104430198669434,11057,MOLNIYA 3-10,1978-095A,PAYLOAD,CIS,1978-10-13,Other,HEO,32.33048903528584,0.03307782983600305,1,60289.14969642515,-13.630909368745051,14894.104105334172,14062.223494185382,46.373011304860086,63.26970000000001,692.5068647613289,19535.97858626229,351.30524952653207,11.497868990056311,2.0513856410980225,3,60289.14572151757,60289.1506625805,spacetrack
460,20231211014,60289.17065393519,367.28271484375,26.464500427246094,-1.9007000923156738,26.37706184387207,-1.8947535753250122,26.56781768798828,-1.9077264070510864,687.9290771484375,93.89270782470703,2801.25,5,13.909899711608887,22.528278350830078,88.26946258544922,29165,ARIANE 5 R/B,2006-020D,ROCKET BODY,FR,2006-05-27,Other,HEO,9.160382934368272,0.1179380968164736,1,60289.18303473128,-3.025385875313077,18221.02956538019,17337.665145702427,26.50755513324523,6.8468,463.5924984142057,17482.44829213315,315.47963670521796,9.881145834998698,1.8422685861587524,3,60289.18008093234,60289.18432918655,spacetrack
461,20231215017,60293.17164930556,487.4404602050781,30.53623390197754,-1.2022793292999268,30.461450576782227,-1.1478452682495117,30.611465454101562,-1.2570379972457886,667.8748779296875,126.05589294433594,2665.75,5,13.814794540405273,22.379343032836914,68.23324584960938,39989,BREEZE-M DEB,2008-011DN,DEBRIS,CIS,2008-03-14,Other,HEO,508.80003216730074,0.13625262201844635,1,60293.18395202544,54.64061341347406,5799.178792740809,5248.772615075032,182.98469098723174,48.6696,776.892896607972,22802.481147546,406.17578662421556,7.634596825678311,2.4460463523864746,2,60293.17774650998,60293.18338712728,satchecker
462,20231216027,60294.48522685185,427.944091796875,204.665283203125,50.09385681152344,204.65191650390625,49.95956039428711,204.67713928222656,50.21295166015625,914.0606079101562,3.653909683227539,1970.5,5,16.302579879760742,24.539020538330078,13.149088859558105,56465,STARLINK-6054,2023-064T,PAYLOAD,US,2023-05-10,Starlink,LEO,35.66851448654802,0.12024560806972318,1,60294.49847190934,-2.354833395627793,714.8176669472989,570.7270969516894,2094.659036258056,70.0011,569.9440840726884,574.0877640536137,96.10612865238502,7.147528261711532,1.6692684888839722,3,60294.49604164293,60294.50100054628,spacetrack
463,20240101008,60310.085894675925,367.8068542480469,17.234834671020508,-1.9315284490585327,17.19230842590332,-1.8035651445388794,17.278078079223633,-2.0616486072540283,979.0088500976562,161.62646484375,3510.5,6,16.171417236328125,25.034839630126953,8.546311378479004,36100,DMSP 5D-3 F18 DEB,2009-057F,DEBRIS,US,2009-10-18,Other,LEO,55.90107777236426,0.12049987030633247,1,60310.088607900754,5.118341662280727,964.5628591786949,816.9565538781608,1454.7906882896655,98.548,802.6972503330571,818.8118651657087,101.10030076096785,8.039129031233944,1.4963481426239014,1,60310.085894675925,60310.090146665716,spacetrack
464,20240104008,60313.06652893518,547.3240966796875,12.014884948730469,-0.9852351546287537,11.88530158996582,-0.9058942794799805,12.112403869628906,-1.0449436902999878,958.5403442382812,121.4819107055664,3298.0,6,14.705860137939453,23.50148582458496,34.930484771728516,57370,STARLINK-5353,2023-099AU,PAYLOAD,US,2023-07-16,Starlink,LEO,36.00314051926148,0.03358923824927729,1,60313.07463017969,-1.1834283554926515,661.8330237983795,555.1837676526975,2249.8523073292063,43.0041,558.224661445247,559.8798743273646,95.83736348303667,6.032392375247481,1.9713542461395264,2,60313.07331682374,60313.07965825568,spacetrack
465,20240104009,60313.08922800926,487.90673828125,19.594907760620117,-0.9775609970092773,19.587141036987305,-0.8954939246177673,19.603532791137695,-1.068709373474121,626.3606567382812,174.59478759765625,2004.75,4,17.145450592041016,25.400602340698242,3.946664810180664,45161,ONEWEB-0058,2020-008AG,PAYLOAD,UK,2020-02-06,OneWeb,LEO,5.1017928346198005,0.05521449398435152,1,60313.10374207341,-1.3934004177572206,1440.9569544382205,1220.4176816669542,935.7952178182363,87.8892,1220.6091212520632,1222.8662834446623,109.89279188139282,8.883939726642929,1.822981357574463,3,60313.101446098895,60313.10709655211,spacetrack
466,20240106010,60315.07006712963,548.1619262695312,13.724198341369629,-0.020514946430921555,13.651021957397461,-0.039514441043138504,13.780145645141602,-0.005988745950162411,480.2584533691406,75.44510650634766,2239.0,4,13.573701858520508,21.948837280273438,97.04606628417969,57800,XRISM,2023-137A,PAYLOAD,JPN,2023-09-06,Other,LEO,27.062651342060917,0.0682857135471977,1,60315.08737036179,3.0687278310069814,673.9198282165337,558.2492665438385,2029.6137349929074,31.0051,562.8218768201723,576.2906711238929,96.05511540062899,4.591594242375621,1.7311739921569824,2,60315.07687607037,60315.08321781667,spacetrack
467,20240106010,60315.07006712963,548.1619262695312,13.814809799194336,-0.1135847270488739,13.68564510345459,-0.15148280560970306,13.885697364807129,-0.0927855372428894,750.545166015625,73.6477279663086,1580.75,4,15.548779487609863,23.545936584472656,24.239809036254883,16276,SATCOM K2,1985-109D,PAYLOAD,US,1985-11-27,Other,GEO,2.310331345472605,0.06633620099027837,1,60315.07554028561,13.77372023096541,36910.22775912835,36000.88579999353,15.019486557707278,14.8834,35927.15836422885,36021.8927954138,1445.7086407957372,11.515590380455869,1.7311739921569824,2,60315.07687607037,60315.08321781667,spacetrack
468,20240110007,60319.0707962963,487.6192626953125,15.520756721496582,0.4218517243862152,15.494510650634766,0.5539875626564026,15.548359870910645,0.28288784623146057,995.025146484375,168.76564025878906,3190.25,6,14.818346977233887,23.577909469604492,24.937063217163086,11735,COSMOS 1168,1980-022A,PAYLOAD,CIS,1980-03-17,Cosmos,LEO,28.19664605451635,0.3902184247147886,1,60319.07570093494,3.5553543912246823,1178.9716061519262,1005.5801411619823,1170.6405546046303,82.9451,955.6938371867436,1006.9406469290898,104.71959818968001,6.818140490197141,2.4045071601867676,2,60319.0768902879,60319.08253264371,spacetrack
469,20240117024,60326.49008912037,667.5472412109375,231.9385223388672,50.64655303955078,231.79330444335938,50.59746551513672,232.0900421142578,50.697776794433594,767.637451171875,61.93714141845703,3178.25,6,16.940372467041016,25.695842742919922,7.774566650390625,,,,,,,,,,,,,,,,,,,,,,1.9115211963653564,2,60326.498270444376,60326.505998768844,
470,20240117024,60326.49008912037,667.5472412109375,232.19989013671875,50.64320373535156,232.15847778320312,50.71358871459961,232.24327087402344,50.569480895996094,553.7210083007812,159.5396728515625,2521.75,6,14.857891082763672,23.362146377563477,51.17522430419922,45404,STARLINK-1260,2020-019AW,PAYLOAD,US,2020-03-18,Starlink,LEO,35.72826151458344,0.5730446867331693,1,60326.512209979715,3.261378248920664,641.1108835755579,542.1341367692794,2349.8260519233327,53.0546,546.1712809079354,548.2696636160308,95.5922833617839,5.8458475034636095,1.9115211963653564,2,60326.498270444376,60326.505998768844,spacetrack
471,20240212006,60352.49159722222,367.682861328125,178.53915405273438,50.01081848144531,178.46954345703125,50.108768463134766,178.62850952148438,49.885108947753906,885.185546875,155.4502716064453,1256.0,5,16.50786018371582,24.255334854125977,11.886693954467773,24772,COSMOS 2341,1997-017A,PAYLOAD,CIS,1997-04-17,Cosmos,LEO,38.214658031790805,0.028230644365379476,1,60352.49517785659,0.07093829341465607,1146.6296590946772,975.3055702630045,1232.4318734262717,82.9208,974.3881315660456,1013.9493880017981,104.99401938753941,7.439717611155745,1.6016536951065063,1,60352.49159722222,60352.49586023048,spacetrack
472,20240213021,60353.441628472225,487.6745300292969,240.30209350585938,49.129295349121094,240.2545166015625,49.03731918334961,240.3582000732422,49.23779296875,761.92578125,18.698007583618164,1859.5,5,17.062013626098633,25.235504150390625,5.833238124847412,51652,ONEWEB-0468,2022-012AG,PAYLOAD,UK,2022-02-10,OneWeb,LEO,22.544311042673826,0.05627860297090237,1,60353.45338949129,-1.9386820264044218,1427.1500608402755,1218.8356718915938,1000.5409625869664,87.8925,1220.541150981804,1222.9199088926734,109.892636313768,8.646207531940675,2.0430538654327393,1,60353.441628472225,60353.4472740172,spacetrack
473,20240305021,60374.29461689815,488.05810546875,150.35650634765625,2.515901803970337,150.24774169921875,2.5434916019439697,150.46585083007812,2.4881598949432373,809.351318359375,104.24775695800781,2417.25,4,14.498539924621582,22.956844329833984,49.784610748291016,21639,TDRS 5,1991-054B,PAYLOAD,US,1991-08-02,Other,GEO,2.198578433115017,0.019003733435027925,1,60374.30400239673,-3.7750164443277754,36577.421100495485,35688.23235306115,15.272291901159909,14.1768,35668.53849556344,35689.508194714326,1430.6046044029063,10.908373939374812,1.625307321548462,2,60374.30072278666,60374.30636803211,spacetrack
474,20240305021,60374.29461689815,488.05810546875,150.3663330078125,2.4466960430145264,150.28028869628906,2.4459357261657715,150.4373779296875,2.44732403755188,565.03271484375,89.49315643310547,1823.75,3,15.230486869812012,23.38290023803711,27.760786056518555,23671,ARIANE 42L+3 R/B,1995-049B,ROCKET BODY,FR,1995-09-24,Other,HEO,5.977671390786554,0.15117991495260696,1,60374.296496101764,2.938910835538991,31599.362640361785,30790.805699745975,9.766181219661044,7.6526000000000005,382.4127570650626,35595.99612879663,630.9165209946871,11.81987881822792,1.625307321548462,2,60374.30072278666,60374.30636803211,spacetrack
475,20240306015,60375.26597569444,547.8659057617188,206.50234985351562,50.311885833740234,206.45449829101562,50.341819763183594,206.5384063720703,50.28934097290039,270.004150390625,134.40289306640625,813.75,2,17.012447357177734,24.28867530822754,7.64683198928833,,,,,,,,,,,,,,,,,,,,,,1.7321498394012451,1,60375.26597569444,60375.27230844088,
476,20240306016,60375.29020717592,487.915771484375,150.35952758789062,2.5667765140533447,150.32177734375,2.576359272003174,150.39553833007812,2.557631254196167,273.6881103515625,104.26118469238281,1225.5,2,15.186392784118652,22.907176971435547,28.44878578186035,21639,TDRS 5,1991-054B,PAYLOAD,US,1991-08-02,Other,GEO,2.649642292556109,0.0017057488546470267,1,60375.29691545884,-4.11353505786974,36535.27632769571,35687.979582679094,15.272558183640761,14.1767,35668.77153775537,35689.26178204407,1430.604263298065,10.858687235220334,1.714483380317688,2,60375.2963256049,60375.30197721665,spacetrack
477,20240311029,60380.46056597222,487.6882019042969,205.89675903320312,52.976226806640625,205.78872680664062,53.048431396484375,206.00088500976562,52.9066276550293,687.0944213867188,137.98573303222656,2123.75,5,16.03849220275879,24.356250762939453,16.311080932617188,33106,DELTA 2 R/B,2008-032B,ROCKET BODY,US,2008-06-20,Other,MEO,33.02170997857843,0.146428263897036,1,60380.46123662926,8.379747413448058,4451.106253667829,4112.847113012674,258.7826617283681,65.2345,2151.107937072942,4369.794863366747,156.9566595510583,9.235203376612132,1.6160173416137695,1,60380.46056597222,60380.466216610876,spacetrack
478,20240314026,60383.472614583334,367.6662902832031,206.30433654785156,52.667236328125,206.24771118164062,52.61446762084961,206.36085510253906,52.71992874145508,452.9527282714844,33.0504035949707,2324.0,5,15.20014476776123,23.615734100341797,27.42301368713379,58622,STARLINK-31133,2023-203E,PAYLOAD,US,2023-12-23,Starlink,LEO,135.24543940719695,0.21951642871241717,1,60383.48594038878,-4.804685920011252,583.1696661462266,483.8433403844674,2562.7216640118972,42.9997,486.674614023038,489.0104195742533,94.36551090198292,6.005272109451639,1.4286177158355713,3,60383.48204093976,60383.486293166905,spacetrack
479,20240328006,60397.10340162037,368.5497131347656,166.48768615722656,48.10060119628906,166.471923828125,48.063087463378906,166.50411987304688,48.13970184326172,286.4706115722656,15.677535057067871,945.25,2,16.80302619934082,24.241893768310547,8.473662376403809,39484,COSMOS 2489,2013-076B,PAYLOAD,CIS,2013-12-25,Cosmos,LEO,29.43931874893906,0.040362316979695834,1,60397.1120125708,4.427172008960042,1794.116619572657,1488.8283871586918,782.9851757168324,82.4875,1477.013539926802,1511.8764732279305,115.86048829552446,7.918799698328524,1.3715922832489014,2,60397.10812663651,60397.11239960466,spacetrack
480,20240328008,60397.14121875,369.077392578125,174.78883361816406,48.06855773925781,174.78372192382812,48.012908935546875,174.79571533203125,48.1435546875,471.2174072265625,3.511913776397705,1294.0,3,16.930076599121094,24.70991325378418,5.746038436889648,7265,COSMOS 641,1974-024A,PAYLOAD,CIS,1974-04-23,Cosmos,LEO,22.503713882736065,0.01220699207766529,1,60397.14905211508,4.321577280177735,1654.749278539358,1414.982022788995,861.617324204392,74.0206,1387.2741058178617,1480.6662608636625,114.52804654267109,8.282916866495686,1.3526592254638672,2,60397.14595294366,60397.150202432,spacetrack
481,20240403008,60403.13320949074,428.0826416015625,179.4038543701172,48.870033264160156,179.2984619140625,48.96134567260742,179.50689697265625,48.78075408935547,816.2360229492188,142.7958221435547,2379.75,5,16.761085510253906,25.20241355895996,7.636908531188965,15227,TITAN 34B R/B,1984-091B,ROCKET BODY,US,1984-08-28,Other,HEO,30.779648304826424,0.12555729478324906,1,60403.137264896905,-37.17410854215268,23109.045039262226,22096.800084617036,19.52315312786612,63.389,311.70007552127026,39008.0384492845,696.9012937319172,12.887329580351237,1.57928466796875,1,60403.13320949074,60403.138161449926,satchecker
482,20240404007,60404.11588773148,367.8360900878906,173.13856506347656,50.58949279785156,173.07763671875,50.4867057800293,173.18582153320312,50.66920471191406,701.9822998046875,20.625268936157227,1875.5,5,16.009262084960938,24.192054748535156,16.935327529907227,50474,ONEWEB-0394,2021-132F,PAYLOAD,UK,2021-12-27,OneWeb,LEO,5.447271362965012,0.07416560722801435,1,60404.11783015394,7.414518755511381,1428.9988238989586,1186.5585742770209,991.9659206126726,87.9152,1188.1332881653643,1191.3602329480655,109.19964770100657,7.612103509017409,1.4139102697372437,1,60404.11588773148,60404.12013688038,spacetrack
483,20240404008,60404.13278240741,368.043701171875,177.67794799804688,49.880130767822266,177.62786865234375,49.76163864135742,177.7306365966797,50.004764556884766,907.140869140625,15.235330581665039,2325.25,6,15.117507934570312,23.533681869506836,35.30769348144531,23774,SL-8 R/B,1996-004B,ROCKET BODY,CIS,1996-01-16,Other,LEO,42.609929311601036,0.06576097501653067,1,60404.133961998596,-1.06401678227121,1169.361100518145,974.4656662855159,1225.3926076855896,82.97960000000002,944.2727831686652,1006.9443272435537,104.59777619215136,6.724284559962577,1.7045789957046509,1,60404.13278240741,60404.13704454571,spacetrack
484,20240405023,60405.41638657408,428.3494567871094,207.2108612060547,53.0119514465332,207.19094848632812,53.05070877075195,207.23509216308594,52.96477508544922,323.80438232421875,162.82481384277344,800.25,3,17.89009666442871,25.148160934448242,4.215585708618164,48797,ONEWEB-0236,2021-045AG,PAYLOAD,UK,2021-05-28,OneWeb,LEO,34.767070407178835,0.15071761870234468,1,60405.42131377183,0.6154644978814758,1394.9106319755822,1198.7124923369338,1008.0029461415088,87.9011,1200.3789841295802,1203.1623254860242,109.45999659001706,8.550797000816992,2.0777478218078613,1,60405.41638657408,60405.42134489992,spacetrack
485,20240411013,60411.19327199074,427.2822570800781,207.882080078125,49.77206039428711,207.7511749267578,49.683197021484375,208.00929260253906,49.85842514038086,870.6726684570312,43.57188415527344,2210.75,4,17.062715530395508,25.42406463623047,5.647695064544678,11057,MOLNIYA 3-10,1978-095A,PAYLOAD,CIS,1978-10-13,Other,HEO,182.61972139135878,0.07849345267954533,1,60411.20803071731,5.809854017745238,5626.372019571765,5104.138414596268,164.06244051508943,63.2656,755.0976162364532,19473.069981080553,351.30017157134444,10.797832328521569,1.4539499282836914,3,60411.20407579514,60411.209024848795,spacetrack
486,20240418016,60418.41590046296,487.8656311035156,265.9911193847656,65.2730941772461,265.80914306640625,65.31816101074219,266.2593688964844,65.2066650390625,787.8641357421875,120.62667083740234,2055.75,4,17.799537658691406,26.08196258544922,4.022104263305664,5054,TITAN 34B AGENA D R/B,1971-021B,ROCKET BODY,US,1971-03-21,Other,HEO,2.6209842990738252,0.10584476897940931,1,60418.42008665291,6.750459191214759,33289.53787152065,32278.789733088637,8.923315305824868,63.4289,1087.2627620154217,36111.93638127165,654.7707939141801,14.616938441292287,1.7825742959976196,2,60418.42200866007,60418.42765159197,spacetrack
487,20240418016,60418.41590046296,487.8656311035156,266.01416015625,65.24819946289062,265.95367431640625,65.30488586425781,266.1012268066406,65.1666259765625,545.1675415039062,155.9247589111328,1157.0,4,17.53713035583496,25.195463180541992,4.944650173187256,16070,SL-6 R/B(2),1985-084D,ROCKET BODY,CIS,1985-09-24,Other,HEO,8.026102845428795,0.2309917942105244,1,60418.42688878408,-4.315590649028309,15930.628084874792,15078.731558107494,52.03408881947003,70.5796,5365.027905656902,34405.494751057566,705.9696993882968,11.816034501334975,1.7825742959976196,2,60418.42200866007,60418.42765159197,spacetrack
488,20240418017,60418.43642708333,367.6073913574219,267.3102111816406,65.23725891113281,267.10687255859375,65.16971588134766,267.460693359375,65.28724670410156,680.9257202148438,51.583255767822266,1712.0,4,15.235661506652832,23.319421768188477,26.88775062561035,37140,SL-12 R/B(2),2010-041D,ROCKET BODY,CIS,2010-09-02,Other,MEO,21.558876063642174,0.416957371518464,1,60418.44476345735,-0.07710255996789783,20030.684121032675,19147.67964375308,37.335334007904684,63.9183,19003.705891381673,19199.93722883369,674.6177362924516,10.300411438093487,1.7356672286987305,2,60418.44114321228,60418.44539349534,spacetrack
489,20240429011,60429.127934027776,427.7328186035156,207.6952362060547,49.00446701049805,207.67149353027344,49.07700729370117,207.72055053710938,48.92713928222656,551.8151245117188,167.88339233398438,2440.5,6,14.370611190795898,22.83930778503418,41.67364501953125,48485,STARLINK-2500,2021-040BK,PAYLOAD,US,2021-05-09,Starlink,LEO,7.504308298837259,0.14691372014675608,1,60429.12823422605,0.5984339467249811,698.8650424191521,542.5314555784507,2152.9557208247925,53.05650000000001,546.3888272524864,548.0966253997985,95.59274412914621,5.418011108952738,1.5968537330627441,1,60429.127934027776,60429.132883094855,spacetrack
490,20240501010,60431.20413078704,367.6158752441406,231.82666015625,49.408958435058594,231.72946166992188,49.32618713378906,231.9081573486328,49.47835922241211,689.4141845703125,37.38139724731445,1849.25,4,14.174093246459961,22.341581344604492,58.926509857177734,9880,MOLNIYA 1-36,1977-021A,PAYLOAD,CIS,1977-03-24,Other,HEO,52.84359936970873,0.020449895776600613,1,60431.211377578686,48.62765488901641,18435.28202736321,17530.67090128808,29.975740677754448,63.600300000000004,2155.580494090642,38162.018144579815,717.0275693814051,9.560948140383001,2.023383855819702,2,60431.20884897981,60431.2130960769,satchecker
491,20240501013,60431.257268518515,367.6412048339844,173.20225524902344,50.459632873535156,173.13137817382812,50.4784049987793,173.2729949951172,50.44089889526367,351.5388488769531,112.58767700195312,2330.0,4,16.902681350708008,25.321069717407227,6.3422956466674805,25886,GLOBALSTAR M053,1999-043D,PAYLOAD,GLOB,1999-08-17,Globalstar,MEO,8.453050090935221,0.08649248887502381,1,60431.25872062438,6.655017804529052,2292.7582946566195,2014.7192910622261,543.8612605104285,52.0,2018.9492451126262,2024.9788362040108,127.698659993934,9.393641473936501,1.8559843301773071,3,60431.26669590949,60431.270952273466,spacetrack
492,20240508007,60438.14911805555,427.9980773925781,218.91436767578125,50.056297302246094,218.88778686523438,49.99964904785156,218.9409637451172,50.11301040649414,426.2033386230469,16.761362075805664,1003.25,2,16.81879425048828,24.322317123413086,9.51740550994873,18985,COSMOS 1934,1988-023A,PAYLOAD,CIS,1988-03-22,Cosmos,LEO,41.83822949011642,0.15451804525713442,1,60438.14980582876,9.406936933344696,1150.1846354379388,945.2519325493267,1249.7678447498256,82.9591,944.9495869177017,1007.2428671029702,104.60818114403625,7.4915344381614695,1.8014904260635376,1,60438.14911805555,60438.15407348788,spacetrack
493,20240508008,60438.16726388889,427.8192138671875,225.72056579589844,49.94852828979492,225.65792846679688,49.83994674682617,225.7823028564453,50.055572509765625,828.0012817382812,20.363460540771484,2126.0,5,16.80128288269043,25.12019157409668,6.683346271514893,45150,ONEWEB-0044,2020-008V,PAYLOAD,UK,2020-02-06,OneWeb,LEO,7.272146007090896,0.3489585234643222,1,60438.174139408555,-9.150332186487503,1451.2961174490003,1218.7425841388886,979.077646658232,87.8971,1220.3877976476251,1223.0751104257724,109.89265635722704,8.554438827885168,1.8613747358322144,2,60438.172669558284,60438.17762309456,spacetrack
494,20240510009,60440.19939814815,367.6546325683594,237.87721252441406,49.56381607055664,237.80282592773438,49.66916275024414,237.93875122070312,49.47666931152344,762.197998046875,155.3926239013672,2232.25,5,15.366742134094238,23.738597869873047,25.968095779418945,37741,GLOBALSTAR M091,2011-033C,PAYLOAD,GLOB,2011-07-13,Globalstar,LEO,2.582847888231754,0.009966429212454386,1,60440.21207884867,2.220785715559032,1634.454264544391,1408.8003093419202,863.4001261224855,52.0012,1412.9146262698596,1414.3311678555456,114.08089109978361,7.309359576747498,1.7821087837219238,3,60440.2088417417,60440.213095785424,spacetrack
495,20240512023,60442.38755439815,607.8613891601562,230.4532012939453,49.37104034423828,230.44442749023438,49.48628234863281,230.46180725097656,49.25825119018555,821.9268188476562,177.15777587890625,1943.25,5,17.356855392456055,25.578176498413086,4.361956596374512,8142,THORAD DELTA 1 DEB,1974-089L,DEBRIS,US,1974-11-15,Other,LEO,1.778249254164166,0.14737760586473314,1,60442.39120408867,-1.8673078043502755,1860.2636547722327,1615.2639443549097,783.103802875879,101.0915,1217.7878662188077,1783.8219393507297,116.00091420642711,9.254919383924456,1.7563494443893433,0,nan,nan,spacetrack
496,20240513022,60443.40121875,547.9902954101562,273.2784729003906,66.45721435546875,273.22271728515625,66.41036224365234,273.3311767578125,66.50149536132812,363.26861572265625,25.428510665893555,899.25,3,16.236034393310547,23.62073516845703,10.612287521362305,23547,ORBVIEW 1 (MICROLAB),1995-017C,PAYLOAD,US,1995-04-03,Other,LEO,2.31313948925731,0.09680522503931144,1,60443.40383399132,-4.816966320038773,819.0397254469824,676.6140036141433,1614.350615491918,69.9791,675.8109997357651,690.4631392799938,98.42017836578204,6.512031483454178,2.6586380004882812,2,60443.40800834811,60443.41435324506,spacetrack
497,20240513022,60443.40121875,547.9902954101562,273.4118347167969,66.32664489746094,273.2225036621094,66.38932037353516,273.59881591796875,66.26475524902344,704.9786376953125,129.50299072265625,2154.25,4,15.801680564880371,24.134920120239258,11.442879676818848,51855,STARLINK-3545,2022-022D,PAYLOAD,US,2022-03-03,Starlink,LEO,93.61708569852567,0.42152235822163675,1,60443.41156546133,3.5317034399486147,651.8483233016658,535.1457035539333,2120.282006898249,53.2145,538.9230001851956,540.7521121290438,95.43946196157083,6.730227382236688,2.6586380004882812,2,60443.40800834811,60443.41435324506,spacetrack
498,20240514020,60444.4169375,367.6329040527344,239.98464965820312,50.635860443115234,239.92213439941406,50.743812561035156,240.03506469726562,50.548828125,747.8110961914062,159.82913208007812,2441.75,6,16.316865921020508,24.786117553710938,8.948348045349121,54137,ONEWEB-0519,2022-138AA,PAYLOAD,UK,2022-10-22,OneWeb,LEO,14.663280682930235,0.12063714194786712,1,60444.42304875913,0.5852460001478903,1413.6960230845077,1182.6085869237359,1002.7737824516893,87.9126,1184.4495561069416,1187.317831995725,109.11604603870589,8.194402117976882,1.5961471796035767,2,60444.42164958396,60444.42591115464,spacetrack
499,20240517008,60447.39894328704,368.0022888183594,237.5537872314453,47.06279373168945,237.49127197265625,47.15760803222656,237.6104736328125,46.97682189941406,713.4644775390625,155.811767578125,1851.0,4,16.544904708862305,24.713420867919922,9.338528633117676,23603,COSMOS 2315,1995-032A,PAYLOAD,CIS,1995-07-05,Cosmos,LEO,50.55738549145303,0.06892764429497333,1,60447.40173741353,0.06847432890208438,1132.4773594997434,965.5245396221771,1264.9246579323667,82.90240000000001,966.0111659776003,1011.7869688589108,104.88146556780161,7.8695497421582665,1.6535581350326538,1,60447.39894328704,60447.403206693016,spacetrack
500,20240530011,60460.14648611111,367.7447509765625,241.13316345214844,47.42194366455078,241.0777587890625,47.50436782836914,241.19161987304688,47.334957122802734,669.9847412109375,155.54437255859375,2153.25,5,16.83008575439453,25.16282081604004,6.157813549041748,37870,BREEZE-M R/B,2011-064D,ROCKET BODY,CIS,2011-11-04,Other,MEO,17.571214751114894,0.11117276271809828,1,60460.15421910724,19.84958738659043,19750.333404746187,18811.76034430407,37.770148229013145,65.2579,17539.10635259484,18823.48096951045,638.3915342260254,12.131240804026948,1.9096812009811401,2,60460.15119827878,60460.15545753062,spacetrack
501,20240530012,60460.163697916665,427.632568359375,166.33631896972656,48.43229675292969,166.3252716064453,48.4117431640625,166.34657287597656,48.451377868652344,151.49435424804688,19.624408721923828,842.75,2,16.441669464111328,23.755916595458984,15.3140869140625,48595,STARLINK-2252,2021-041AU,PAYLOAD,US,2021-05-15,Starlink,LEO,10.683285790656782,0.02523420235615248,1,60460.16664351406,-1.4763432800536975,643.8661309372151,542.6407282039781,2340.0049477632183,53.0538,546.301269719138,548.1614231197864,95.59250850963849,6.244165060821823,1.7217544317245483,1,60460.163697916665,60460.1686516126,spacetrack
502,20240531015,60461.16774537037,367.9654846191406,168.4504852294922,46.895748138427734,168.41384887695312,46.82416534423828,168.5421600341797,47.074867248535156,956.1393432617188,19.276716232299805,1973.5,5,14.711394309997559,22.949487686157227,44.947021484375,52698,STARLINK-4030,2022-053AU,PAYLOAD,US,2022-05-18,Starlink,LEO,3.096856737079179,0.1355399315712269,1,60461.171417001766,1.6867396887391806,634.703675040129,535.1159297527001,2374.383143905454,53.2162,538.7913126223893,540.7144854583221,95.43771008884552,5.421900768565148,1.5167150497436523,1,60461.16774537037,60461.172012139985,spacetrack
503,20240601003,60462.164210648145,427.2650146484375,170.1254425048828,49.674705505371094,170.03955078125,49.75746154785156,170.20541381835938,49.5976676940918,692.9903564453125,146.11013793945312,2073.0,5,17.26825523376465,25.55975341796875,4.678370475769043,6826,SL-8 R/B,1973-064B,ROCKET BODY,CIS,1973-09-08,Other,LEO,18.957873676117742,0.35799959924295877,1,60462.16470243748,0.13509619538672268,1558.3109754982393,1358.3079371493395,869.0203144813288,74.0228,1360.4573421147534,1405.361192035195,113.40702843886237,9.123469300046267,1.643815517425537,2,60462.16962326134,60462.17456564952,spacetrack
504,20240601003,60462.164210648145,427.2650146484375,170.19097900390625,49.707008361816406,170.0909423828125,49.65159225463867,170.29859924316406,49.766632080078125,636.6025390625,49.41676712036133,1345.0,3,14.599413871765137,22.421218872070312,57.389503479003906,59396,CZ-2D R/B,2024-063B,ROCKET BODY,PRC,2024-04-02,Other,LEO,24.274561371402115,0.222505635746856,1,60462.16849259908,0.20283211529022083,574.1734173839162,484.5828830082064,2509.8892151809346,34.7238,490.4455138384201,523.5036790547992,94.76021047190346,4.833373834478326,1.643815517425537,2,60462.16962326134,60462.17456564952,spacetrack
505,20240603022,60464.366575231485,427.9161376953125,238.53912353515625,51.181724548339844,238.47642517089844,51.107452392578125,238.65444946289062,51.318336486816406,858.9332885742188,27.887643814086914,1816.5,4,17.180641174316406,25.3287296295166,5.492969036102295,46806,FREGAT R/B,2020-075B,ROCKET BODY,CIS,2020-10-25,Other,MEO,19.764015866661566,0.10883002997638158,1,60464.370874993605,1.6710338757256977,20499.664189002095,19456.214638978734,36.220052226683094,64.5746,19343.833778308122,19660.874949111443,690.5870912497135,12.342647632277028,1.4463411569595337,1,60464.366575231485,60464.37152892706,spacetrack
506,20240604012,60465.26884375,367.8906555175781,210.06787109375,49.98109817504883,210.05238342285156,50.003719329833984,210.08404541015625,49.95745849609375,181.95672607421875,156.24855041503906,582.5,2,18.260581970214844,25.17382049560547,3.2272932529449463,21729,COSMOS 2158,1991-068B,PAYLOAD,CIS,1991-09-28,Cosmos,LEO,22.593487042394145,0.19700119142927974,1,60465.27087840198,-5.9020696801599115,1627.339140592241,1407.230517882419,851.3557463316866,82.5855,1402.8505394097929,1409.797390590159,113.92063067068715,8.759834748171835,1.4776623249053955,1,60465.26884375,60465.273103859436,spacetrack
507,20240604014,60465.30095370371,367.9329528808594,221.3646240234375,50.14764404296875,221.2605438232422,50.218624114990234,221.47621154785156,50.07155227661133,726.5420532226562,136.78067016601562,2156.0,4,17.072586059570312,25.406707763671875,5.2545270919799805,26987,COSMOS 2382 (GLONASS),2001-053A,PAYLOAD,CIS,2001-12-01,Cosmos,MEO,20.340767817589267,0.5274658238506618,1,60465.302069492114,-23.715057991154026,19937.077484967354,19122.470203343095,39.50444318984106,63.60320000000001,19118.554861143035,19140.73642719121,675.7230606284774,12.32638372169611,1.596693754196167,2,60465.3056740864,60465.30994085637,spacetrack
508,20240604014,60465.30095370371,367.9329528808594,221.0911865234375,50.09550094604492,221.08409118652344,50.03953170776367,221.10067749023438,50.170440673828125,472.8292236328125,4.6491546630859375,1263.0,3,15.373980522155762,23.12748908996582,30.430421829223633,41240,JASON 3,2016-002A,PAYLOAD,US,2016-01-17,Other,LEO,34.188800590175106,0.04848790704712247,1,60465.31486947007,-5.751351750979666,1594.2579941055644,1338.3295650223054,895.7396509333954,66.0413,1331.3333085985696,1344.1323901871428,112.41827095092418,6.65832503356015,1.596693754196167,2,60465.3056740864,60465.30994085637,spacetrack
509,20240604016,60465.333798611115,367.2405700683594,233.0651397705078,50.67178726196289,232.98976135253906,50.72371292114258,233.1404571533203,50.619903564453125,507.7899169921875,137.38717651367188,1692.5,3,16.356531143188477,24.427852630615234,11.711398124694824,21011,SL-12 R/B(2),1990-110F,ROCKET BODY,CIS,1990-12-08,Other,MEO,20.450870301135637,0.13041948715687113,1,60465.34392673486,-1.5946319731883705,20047.590941593644,19120.693033594547,39.489147856334725,64.5309,19101.94958460708,19132.37567279717,675.2270925867872,11.347949064253475,1.529354214668274,3,60465.343215652254,60465.34746043968,spacetrack
510,20240604017,60465.350277777776,367.666015625,237.39706420898438,49.59058380126953,237.2684783935547,49.68207550048828,237.54067993164062,49.488399505615234,943.225830078125,137.66259765625,2231.5,6,16.63581085205078,25.00730323791504,7.86300802230835,14260,COSMOS 1492 (GLONASS),1983-084C,PAYLOAD,CIS,1983-08-10,Cosmos,MEO,19.674742268125556,0.12399896929130705,1,60465.36160316739,-2.8290288533899,20130.975961055443,19154.73030294169,39.43728428295063,64.4292,19153.9552328524,19160.61997815244,676.8217471626047,11.928826210310365,1.5427296161651611,3,60465.3597131987,60465.36396145255,spacetrack
511,20240607009,60468.32300578704,427.6498718261719,233.14462280273438,49.38800811767578,233.128173828125,49.26570510864258,233.15725708007812,49.48181915283203,780.9918823242188,5.004562854766846,1844.5,5,16.34725570678711,24.511953353881836,10.338193893432617,4964,COSMOS 397,1971-015A,PAYLOAD,CIS,1971-02-25,Cosmos,MEO,8.487226693040384,0.03488835231316756,1,60468.33594115616,-3.824807110999245,2167.0338455122405,1861.3669184984456,618.8445619966419,65.72270000000002,568.707932969427,2157.882680957433,112.97739135123344,8.444289041164364,1.80801260471344,3,60468.33382387324,60468.33877583454,spacetrack
512,20240629008,60490.18303125,427.78466796875,211.57545471191406,50.213680267333984,211.5140380859375,50.131839752197266,211.6937255859375,50.37132263183594,956.3783569335938,25.648273468017578,1800.0,4,17.393339157104492,25.531518936157227,4.427759170532227,54103,STARLINK-5200,2022-136BE,PAYLOAD,US,2022-10-20,Starlink,LEO,100.21456090508423,0.2002760355651283,1,60490.185933933535,-4.65362808003556,609.3209213506865,535.2341976407297,2472.1515535616686,53.2139,538.9470952723505,540.5644981406203,95.43777005223022,7.960123324427126,1.5678330659866333,2,60490.188442913764,60490.19339542643,spacetrack
513,20240629008,60490.18303125,427.78466796875,211.57025146484375,50.304264068603516,211.3660888671875,50.28451919555664,211.7726287841797,50.32383728027344,945.4257202148438,81.389892578125,2746.25,5,16.65761947631836,25.254470825195312,5.619000434875488,46808,YAOGAN-30 V,2020-076B,PAYLOAD,PRC,2020-10-26,Yaogan,LEO,24.235033546062823,0.33666459509080937,1,60490.19223258082,0.26854776008985937,663.8818938317767,576.583344056211,2060.109274308786,34.9937,578.9783617055082,583.1218605206641,96.29357555202999,7.881034640982207,1.5678330659866333,2,60490.188442913764,60490.19339542643,spacetrack
514,20240704008,60495.23006365741,367.4661865234375,224.02809143066406,49.33699417114258,223.9661865234375,49.426597595214844,224.1006622314453,49.23191833496094,768.559814453125,155.76707458496094,3042.5,6,15.41757869720459,24.125654220581055,19.450559616088867,11735,COSMOS 1168,1980-022A,PAYLOAD,CIS,1980-03-17,Cosmos,LEO,23.221931185224776,0.11962821118473244,1,60495.23126735814,-8.384472302393988,1129.1720140927048,959.8492552498947,1254.208851341464,82.9464,955.3155420827552,1007.0958632667744,104.71721751349416,7.2910211439195365,1.46841561794281,1,60495.23006365741,60495.2343171208,spacetrack
515,20240708017,60499.25323263889,427.5740051269531,235.98663330078125,49.57847213745117,235.97317504882812,49.68806457519531,236.0013427734375,49.45878982543945,828.0052490234375,175.44622802734375,1839.5,5,14.617914199829102,22.7796630859375,40.30378723144531,11296,COSMOS 1081,1979-024A,PAYLOAD,CIS,1979-03-15,Cosmos,LEO,1.315587679653163,0.03208883048353073,1,60499.26396655305,-8.277548666519579,1671.2847780470472,1405.0479554621998,850.0363420780853,74.0329,1403.8840103708253,1464.553185943395,114.5335093511878,6.3673605788457905,1.7090357542037964,2,60499.258649913434,60499.26359030844,spacetrack
516,20240708018,60499.271641203704,487.5652770996094,237.41354370117188,48.885128021240234,237.38856506347656,48.92201614379883,237.443603515625,48.84074783325195,320.2604064941406,155.9925994873047,776.5,3,17.512907028198242,24.73826026916504,5.274326801300049,48053,ONEWEB-0161,2021-025M,PAYLOAD,UK,2021-03-25,OneWeb,LEO,15.828516213241528,0.16011597029819313,1,60499.289330529195,-5.175688471121248,1520.2629273480302,1206.88526536494,934.0178626416571,87.8931,1208.4328712135257,1211.112920282305,109.6333806229561,8.223663356366757,1.7401975393295288,2,60499.277742495506,60499.28339381091,spacetrack
517,20240709009,60500.26952083333,548.0910034179688,239.7784423828125,47.714698791503906,239.7710418701172,47.7800178527832,239.7855987548828,47.65155029296875,463.8222351074219,175.64254760742188,1488.5,4,16.451082229614258,24.38295555114746,9.965378761291504,10938,SL-8 R/B,1978-056J,ROCKET BODY,CIS,1978-06-07,Other,LEO,1.5558676663317783,0.05500287036815621,1,60500.272692128565,7.053616879857145,1755.059863572993,1481.7611679980982,813.5858435800491,74.0196,1480.3498941181597,1691.4138622268629,117.88484797167231,8.018236501927783,2.5535221099853516,0,nan,nan,spacetrack
518,20240725012,60516.145378472225,367.9508056640625,213.7774200439453,49.88051986694336,213.66015625,49.98517608642578,213.89102172851562,49.779136657714844,914.8667602539062,144.17034912109375,2009.0,4,16.622098922729492,24.879549026489258,7.261432647705078,4391,SL-8 R/B,1970-036J,ROCKET BODY,CIS,1970-04-25,Other,LEO,23.460243197268937,0.004509057788851578,1,60516.147228637594,0.08846933342283592,1713.9084894199455,1469.5082065921715,784.0512622231445,74.0271,1468.0673456107143,1587.8111650672272,116.60067474688991,8.554978251780188,1.5313878059387207,1,60516.145378472225,60516.14963977376,spacetrack
519,20240725013,60516.16228240741,427.5802917480469,221.65414428710938,49.17096710205078,221.61795043945312,49.10915756225586,221.68653869628906,49.22628402709961,451.49609375,20.947925567626953,2060.25,5,15.766058921813965,24.050857543945312,15.117219924926758,48684,STARLINK-2741,2021-044AY,PAYLOAD,US,2021-05-26,Starlink,LEO,4.645146531998989,0.2605586388141994,1,60516.163028538685,-3.0157018221798353,640.25384399878,542.5852343535335,2353.558446540158,53.0535,546.3613572680306,548.0746896060291,95.59223265924255,6.532836892491316,1.8549703359603882,1,60516.16228240741,60516.16723436589,spacetrack
520,20240726009,60517.19036342593,427.607421875,233.62840270996094,49.36471939086914,233.5362091064453,49.4582405090332,233.72714233398438,49.264556884765625,828.5700073242188,147.30140686035156,2317.0,5,15.935547828674316,24.347862243652344,15.248251914978027,23561,ARIANE 40+ R/B,1995-021B,ROCKET BODY,FR,1995-04-21,Other,LEO,71.68824651467389,0.18545296750451712,1,60517.19976492241,-0.37544265791075304,901.1973999676541,758.5920511557451,1570.5668393696658,98.5254,756.3072175936986,767.7786274440168,100.07446589654671,7.269012487093667,1.8320399522781372,2,60517.19576908472,60517.20071872754,spacetrack
521,20240728014,60519.16280092593,427.6412353515625,267.08111572265625,65.50199127197266,266.89801025390625,65.38963317871094,267.2423400878906,65.6009292602539,918.0423583984375,34.048160552978516,1737.75,5,16.828235626220703,24.928203582763672,7.143431186676025,13243,COSMOS 1372,1982-052A,PAYLOAD,CIS,1982-06-01,Cosmos,LEO,25.29240721781889,0.08889830758482731,1,60519.172818862564,-6.973901137767825,1131.3573820465379,951.6932694285388,1171.7701233797145,64.9007,923.0161527418268,962.0220619566044,103.89258713952509,8.167388450619606,1.7454540729522705,2,60519.16821358787,60519.17316584764,spacetrack
522,20240728017,60519.218309027776,487.7412109375,239.28099060058594,48.28093719482422,239.22462463378906,48.38298797607422,239.34417724609375,48.16657638549805,830.0505981445312,159.81529235839844,1820.0,4,15.445985794067383,23.59616470336914,18.329683303833008,49199,ONEWEB-0333,2021-083P,PAYLOAD,UK,2021-09-14,OneWeb,LEO,21.58006377580932,0.10669948768426707,1,60519.2210036954,0.6719785866443999,1447.4528665870444,1207.0203926887807,988.2824165239509,87.8912,1208.3960306597664,1211.1140128655616,109.63299324656042,7.020252225778108,1.6623200178146362,1,60519.218309027776,60519.22394705214,spacetrack
523,20240729014,60520.19250694445,367.7403869628906,236.0611572265625,49.278297424316406,236.052978515625,49.28458023071289,236.06973266601562,49.27170944213867,60.79212951660156,139.6569061279297,532.75,1,18.038631439208984,24.85494041442871,4.405981063842773,15699,COSMOS 1652 (GLONASS),1985-037C,PAYLOAD,CIS,1985-05-17,Cosmos,MEO,16.141451252940442,0.37220312591804827,1,60520.196226644344,19.77759682678152,19976.33427043215,19136.635418646027,39.622567771343824,64.5031,19087.1012597503,19178.210498295644,675.8426797252364,11.771374175871143,1.4930998086929321,1,60520.19250694445,60520.19675867251,spacetrack
524,20240731006,60522.14295601852,427.2438659667969,221.70632934570312,49.500701904296875,221.676513671875,49.44878005981445,221.72901916503906,49.540225982666016,351.3465576171875,20.454212188720703,1470.0,4,15.934226036071777,23.852519989013672,19.805944442749023,53414,STARLINK-4304,2022-097AC,PAYLOAD,US,2022-08-10,Starlink,LEO,7.902839622005331,0.05171669733009665,1,60522.146832489845,-4.676146115642041,632.3518535095264,535.0499141441278,2384.5684337415214,53.2153,538.761919040875,540.6920025279342,95.4371733313552,6.320285529439598,1.7378404140472412,2,60522.1483628747,60522.1532992127,spacetrack
525,20240731006,60522.14295601852,427.2438659667969,221.59548950195312,49.39970779418945,221.58193969726562,49.51507568359375,221.60874938964844,49.28676986694336,824.3056030273438,175.6310577392578,1929.0,5,16.240589141845703,24.453920364379883,12.41949462890625,11573,COSMOS 1140,1979-089A,PAYLOAD,CIS,1979-10-11,Cosmos,LEO,6.77587431447364,0.08438342631876594,1,60522.15477945254,8.231903004460037,922.2906511390647,772.828087552185,1598.444815210603,74.065,757.0755746888144,778.8984020168455,100.19945710890393,7.355966225763311,1.7378404140472412,2,60522.1483628747,60522.1532992127,spacetrack
526,20240731008,60522.17954282407,607.4271240234375,234.15802001953125,49.34919357299805,234.1328887939453,49.31793975830078,234.18316650390625,49.38046646118164,254.12600708007812,27.64881134033203,1393.5,3,17.890480041503906,25.75074577331543,3.418449640274048,43687,COSMOS 2529 (GLONASS),2018-086A,PAYLOAD,CIS,2018-11-03,Cosmos,MEO,1.9290787915679175,0.021251930543243702,1,60522.19403773094,1.3240301777841523,20089.528011044404,19151.66858282132,37.242668969227246,64.2994,19099.71734066755,19160.059120421727,675.7327001342525,12.734436115020145,1.6954703330993652,2,60522.18703859329,60522.19407793681,spacetrack
